hs_code,deskripsi,berat_bersih_kg_2024,nilai_fob_usd_2024,berat_bersih_kg_2025,nilai_fob_usd_2025
01,Live animals,249803,5415689,410905,8355361
02,Meat and edible meat offal,4542623,21694770,1949587,13219302
03,"Fish, crustaceans and mollusca",900823767,3995628247,888925970,4199028791
04,"Milk, butter, and egg",44020587,621490839,60702223,562340782
05,Products of animals,25833643,45279027,24918946,44490705
06,Live trees and cut flowers,9044471,21268653,7355873,22405094
07,Vegetables,189973858,156309906,123187978,110247866
08,Edible fruits and nuts,1595826348,967905958,1854524320,1437889301
09,"Coffee, tea, and spices",540927961,2695782135,696254999,3420886367
10,Cereals,56421653,17392559,7866360,5573171
11,Products of the milling industry,178744841,94547485,189256707,96101017
12,Oil seeds and oleaginous fruits,337281221,412639196,327634109,527649288
13,"Lac, gums, and resins",67664492,210244845,65254244,194584759
14,Vegetable plaiting materials,4829550321,554352083,6058579074,633847507
15,Animal or vegetable fats and oils,28624032800,26857558516,31384972268,34352498837
16,"Preparations of meat, fish, crustaceans, and mollusca",201434798,1388269657,217237798,1519309649
17,Sugars and sugar confectionery,841195469,527401776,999847109,468704142
18,Cocoa and cocoa preparations,348092214,2646153270,342532556,3597849472
19,Preparations of cereals and flour,699285743,1633468478,733402207,1699856585
20,"Preparations of vegetables, fruits, and nuts",307223020,453608302,299068152,519503590
21,Miscellaneous edible preparations,713249293,1755740589,742145258,1972531529
22,"Beverages, spirits, and vinegar",376364704,227158373,483427227,307306498
23,Residues and waste from the food industries,6966159260,2021530329,6309488913,1003155838
24,Tobacco and cigarrete,235854861,2081629880,176351618,2310799899
25,"Salt, sulphur, stones, and cements",23265372412,524560352,27411675024,610443025
26,"Ores, slag, and ash",4129671183,8227250186,3071348655,5017558843
27,Mineral fuels,591225373761,55528750649,556951526387,44822654113
28,Inorganic chemicals,6667504034,3497519847,7690482717,4567516746
29,Organic chemicals,3532394774,3496481794,4105409837,4385280146
30,Pharmaceutical products,29173767,748603823,25551471,742397846
31,Fertilisers,1704208446,573982954,2148633709,855758112
32,Tanning or dyeing extracts,151195097,501291861,149126531,459688373
33,"Essential oils and resinoids, perfumery, and cosmetics",130369835,989636416,145530394,1150791540
34,Soap and washing preparations,1309526466,1405965621,1408940781,1630580311
35,Glues and enzymes,26251468,69697791,30753002,74266751
36,"Matches, fireworks, and explosives",5392809,9264943,4887112,8986107
37,Photographic or cinematographic goods,89500,2164638,80964,1595468
38,Miscellaneous chemical products,5796688762,6523476017,6715715227,9496045037
39,Plastics and articles thereof,1982415640,2789708423,1918159197,2722248165
40,Rubber and articles thereof,2374729842,5508369090,2378853022,5819718994
41,Raw hides and skins (other than furskins) and leather,3724456,85957290,3979504,80203647
42,Articles of leather,81790273,1351591930,92646659,1440261679
43,"Furskins, artificial fur, and manufactures thereof",54089,710466,468974,807767
44,Wood and articles of wood,6867626541,3975152078,6577040782,4050467882
45,Cork and articles of cork,35984,203544,20388,66219
46,Manufactures of plaiting materials,20828253,101335159,22158226,93493940
47,Pulp of wood,6466861631,3564819095,6944219926,3598346414
48,"Paper, paperboard, and articles thereof",5529840997,4449199367,6058739306,4568226693
49,Products of printing industry,6290190,48450540,5378822,35161051
50,Silk,12622,107298,10914,63238
51,"Wool, fine or coarse animal hair",35713,515099,15612,556914
52,Cotton,146206844,443855038,162730852,461536692
53,Other vegetable textile fibres,27710871,6618125,41127059,11780114
54,Man-made filaments,220265036,692604698,185998834,609688857
55,Man-made staple fibres,1045027459,1880521799,916546764,1603237412
56,"Felt and nonwovens, special yarns, and twine",37609220,148489925,41674274,169167556
57,Carpets and other textile floor coverings,12704214,40387417,13357680,42568294
58,Special woven fabrics,2732949,41422616,3035838,42164602
59,"Coated, covered or laminated textile fabrics",28512781,118207303,16394979,79039896
60,Knitted or crocheted fabrics,20132245,133466802,18488809,119956348
61,Articles of apparel and clothing accessories (knitted),212923206,4139575616,239530509,4458637070
62,Articles of apparel and clothing accessories (not knitted),162263097,4284666786,153511218,4242914817
63,Other made up textile articles,30371233,120555588,28880552,132340463
64,Footwear,383751403,7281275349,401108502,7974003306
65,Headgear and parts thereof,4723256,92482367,6912826,128094922
66,"Umbrellas, sticks, and parts thereof",508320,1988018,728902,2917190
67,"Prepared feathers and down, artificial flowers, and articles of human hair",6574754,255121335,7605101,223169590
68,"Articles of stone, cement, asbestos, mica or similar materials",320945618,200593570,453894268,231068582
69,Ceramic products,274891835,299573751,267959343,282115272
70,Glass and glassware,623898430,355146723,1139783631,478880550
71,Precious metals and jewellery/precious stones,5420480,8878776565,6373333,11698435922
72,Iron and steel,20923076222,25801534091,23218802073,27968633616
73,Articles of iron or steel,1072247698,3425480358,690687551,1789592142
74,Copper and articles thereof,404440532,3730037102,423417280,3993154249
75,Nickel and articles thereof,1924205785,7997364426,2398300479,9732144542
76,Aluminium and articles thereof,505656083,1398624136,729590400,2182663739
78,Lead and articles thereof,38958561,57215309,43081951,81302902
79,Zinc and articles thereof,15467955,32992692,18545112,42669466
80,Tin and articles thereof,46049697,1434569779,53047724,1783072410
81,Other base metals,57817652,125875601,57041507,261099613
82,"Tools, implements of base metal",7331885,91899544,8793980,89982477
83,Miscellaneous articles of base metal,26838396,106854081,30410043,120333031
84,Machinery and mechanical appliances and part thereof,708351867,6944963527,805289151,8158877205
85,Electrical machinery and equipment and parts thereof,756933259,15165901611,1266834485,19183995723
86,Railway or tramway locomotives and parts thereof,18685287,38625570,13790468,43849995
87,Vehicles and accessories thereof,1191278963,11011232745,1273281716,12176216173
88,"Aircraft, spacecraft, and parts thereof",1616335,356545369,624098,164180892
89,"Ships, boats and floating structures",232798735,853809079,265034839,1090297083
90,"Optical, photographic, cinematographic, medical instruments",34197090,890318277,33276552,976457365
91,Clocks and watches and parts thereof,336920,26736414,401727,23186000
92,"Musical instruments, parts and accessories of",41786000,614669438,39236552,640472177
93,Arms and ammunition and parts thereof,287317,21671851,301800,9355508
94,"Furniture, lamps and lighting fittings",564011103,2436574796,572837218,2390320409
95,"Toys, games and sports requisites",69972056,790903319,125159274,1015568977
96,Miscellaneous manufactured articles,128307430,348243309,129000741,307519699
97,"Works of art, collectors' pieces and antiques",582277,6972042,840884,10268485
98,Incompletely knocked down motor vehicles and their components,403357,2385410,58489,4587465
99,"Software, digital product, and parcel goods",1123984,14610158,863059,12444236
