hs_code,deskripsi,berat_bersih_kg_2024,nilai_cif_usd_2024,berat_bersih_kg_2025,nilai_cif_usd_2025
01,Live Animals,198137602,566360975,208687011,665162062
02,Meat And Edible Meat Offal,248354761,844220576,311119677,1073418058
03,Fish And Crustaceans,137332916,350404597,201343398,480330720
04,"Dairy Products, Bird'S Eggs, Natural Honey",529899049,1479636107,514102241,1629420004
05,Products Of Animal Origin,55152053,97485112,65041351,114388504
06,Live Trees And Other Plants,2481539,12036143,1954442,10384760
07,Edible Vegetables And Certain Roots And Tubers,935827159,1096689621,949962348,970003928
08,Edible Fruits And Nuts,780576686,1660888245,932766317,2029066901
09,"Coffee, Tea, Mate, And Spices",172708495,453093197,153252146,391064625
10,Cereals,18470955308,6816918136,13005703279,3748886290
11,"Products Of The Milling Industry; Malt, Starches",756122678,421589072,502644918,258911242
12,"Oil Seeds, Oleaginous Fruits; Grains,Seed, Fruits",3092190543,1929295727,2919244518,1612237855
13,"Lac; Gums; Resins, Other Vegetable Saps, Extracts",13251471,86414833,13849744,89242778
14,Vegetable Plaiting Materials; Vegetable Products,6132211,3090436,10586787,4763807
15,"Animal-Vegetable Oils/Fats, Their Cleavage Prod.",206207952,373937965,137500294,305427632
16,Preparations Of Meat/Fish/Crustaceans/Mollucs,19573503,69961685,22711896,92626471
17,Sugar And Sugar Confectionery,6017895679,3550609025,4522534527,2365664413
18,Cocoa And Cocoa Preparations,236141847,1457779258,260050449,2153663272
19,"Prep.Of Cereals, Flour, Starch, Milk, Cooks' Prod.",164773896,484353652,175197969,491551634
20,"Prep. Of Vegetables, Fruits, Nuts, Part Of Plants",194287501,329669853,202338230,330921957
21,Miscellaneous Edible Preparations,325420777,1158690660,344269706,1222184635
22,"Beverages, Spirit, And Vinegar",145058074,152395078,132021525,141554684
23,Residues And Waste From The Food Industries,7647061717,3792689232,8256105313,3427009542
24,Tobacco And Manufactured Tobacco Substitutes,198935969,1236774618,249521153,1545872154
25,"Salts; Sulphur; Earths, Stone; Lime, Cemen",16161638374,1494941568,16795888472,2679214787
26,"Ores, Slag, And Ash",27496828937,2796333762,33092232522,2982276521
27,"Mineral Fuels/Oils, Prod. Of Their Distillation",74835740320,40664000456,81546416693,36769814872
28,Inorganic Chemicals,6811296865,3101636366,8096634416,3699843982
29,Organic Chemicals,5959865799,7112282367,5459463225,6249836639
30,Pharmaceutical Products,31622951,1296153251,27808349,1417446321
31,Fertilizers,7576247141,1979930586,8355410538,2511433884
32,Tanning Or Dyeing Extracts,446514734,1532024266,469210309,1529090297
33,"Essential Oils & Resinoids; Perfumery, Cosmetic",110517539,1566415169,118240385,1699035986
34,"Soap, Organic Surfasce-Active Agent, Lubric. Prep.",291226546,744818555,320560804,803817631
35,Albuminoidal Substances; Glues; Enzymes,282270778,618000403,292170791,632524537
36,Explosives; Pyrotechnic Prod.; Matches;,16669600,124280818,20130137,100983527
37,Photographic And Cinematographic Goods,11150773,61762180,10212006,60526833
38,Miscellaneous Chemical Products,2127586748,3757876009,2290708540,5192049395
39,Plastics And Articles Thereof,6455227495,10762467401,6589823305,10426472365
40,Rubber And Articles Thereof,1046668460,2994190545,897720643,2713280831
41,"Raw Hides, Skins, And Leather",103450086,667776184,101778101,628947339
42,"Articles Of Leather; Saddlery, Travel Goods",78973179,475439498,82121990,483583853
43,Furskins And Artificial Fur; Manufact. Thereof,2043770,16799128,1345153,17164957
44,Wood And Articles Of Wood; Wood Charcoal,3170393467,679191527,3254760734,682723326
45,Cork And Articles Of Cork,1021730,6054779,694925,7177731
46,"Manufact. Of Straw, Plaiting Materials",351596,876397,351031,771751
47,Pulp Of Wood Or Of Fibrous Cellulosic Material,4161300897,1629046770,4158235547,1546181456
48,Paper & Paperboard; Articles Of Paper Pulp,1189928313,1740648963,1149217879,1831338803
49,"Printed Books, Newspapers, Pictures",33550783,207772900,32655311,225673354
50,Silk,121983,2363218,133980,4945435
51,"Wool, Fine Or Coarse Animal Hair; Woven Fabrics",3612512,84094755,3244366,86708759
52,Cotton,511907200,1509435965,523634352,1397000542
53,Other Vegetable Textile Fibres; Paper Yarns,23641178,155285009,23024977,127562408
54,Man-Made Filaments,683122152,1918237576,722213633,1982490689
55,Man-Made Staple Fibres,345541771,1140836909,369522190,1171328855
56,"Wadding, Felt, And Non-Wovens",188444944,659015408,197211244,621708075
57,Carpets And Other Textile Floor Coverings,3105003,8464985,2276058,8127508
58,Special Woven Fabrics; Tufted Textile Fabrics,24197947,335634480,24703172,352236337
59,"Impregnated, Coated, Covered Textile Fabrics",99383437,737628992,110303489,750995949
60,Knitted Or Crocheted Fabrics,233092588,1817187404,250763163,1878984736
61,"Articles Of Apparel, Knitted Or Crocheted",20800334,275982200,36768482,350766417
62,"Articles Of Apparel, Not Knitted Or Crocheted",18238333,269474775,36497154,314085788
63,Other Made Up Textile Articles; Worn Clothing,47502445,124589059,57946692,155634744
64,"Footwear, Gaiters; Parts Of Such Articles",140740477,1089660154,142068657,1315498677
65,Headgear And Parts Thereof,6900840,48606579,7939031,54940995
66,"Umbrellas, Seat-Sticks, Whips, Riding Crops",16999626,23232211,20345626,23854898
67,"Prepared Feathers, Artificial Flowers",11644285,53414627,15194830,57868464
68,"Articles Of Stone, Cement, Asbestos, Mica",1399708875,556244031,1386158241,537331602
69,Ceramic Products,1669806963,735896596,889267800,546778817
70,Glass And Glassware,617392917,575034103,841641842,690091180
71,"Natural And Cultured Pearls, Precious Stones",8639197,4783593954,8338156,5161246624
72,Iron And Steel,14081048935,10726005740,14368996327,9527269133
73,Articles Of Iro And Steel,2368732195,4396803408,2330259604,4317903166
74,Cooper And Articles Thereof,202760134,1645108442,198281433,1896317597
75,Nickel And Articles Thereof,4639403,109706848,4068041,104493013
76,Aluminium And Articles Thereof,760456352,2186696317,851250146,2531392475
78,Lead And Articles Thereof,34456515,79912615,39981193,90748380
79,Zinc And Articles Thereof,137787109,409178090,145297288,436489125
80,Tin And Articles Thereof,1378556,45297103,1279347,45496421
81,Other Base Metal; Cermets; And Articles Thereof,3935449,94128582,3103350,106248735
82,"Tools, Implements, Cutlery, Spoon & Forks",128893155,643597614,143113269,627410622
83,Miscellaneous Articles Of Base Metal,321557098,948506426,340542408,968864628
84,"Nuclear Reactors, Boilers, Machinery, Parts",4389154528,34007654560,4708713080,36644859248
85,Electrical Machinery & Equipments,1756715792,27193510078,2201449672,31877090218
86,"Railway/Tramway Locomotive, Mechanical Traffic",133797531,236116599,145513887,627769149
87,"Vehicles Other Than Railway/Tramway, Parts",1409127938,9673381016,1678628124,10999041318
88,Aircraft And Its Components,1380601,708081090,1629722,1290478527
89,"Ships, Boat, And Floating Structures",716623201,1133682843,986827577,1499482876
90,"Optical, Photographic, Cinematographic",135715334,4449475672,119701553,4781350664
91,Clocks And Watches And Parts Thereof,15307805,406495207,12680917,425351939
92,Musical Instruments; Parts And Accessories,10440904,143413713,9784888,148555834
93,Arms And Ammunition; Parts And Accessories,25084998,281248423,5768465,496669502
94,"Furniture, Bedding, Mattress Support, Cushion",970304518,1782929841,1159783537,1917415652
95,"Toys, Games And Sports Requisiters; Parts",164295164,588049741,209685631,822942329
96,Miscellaneous Manufactured Articles,187236507,753962473,186636556,775044305
97,"Works Of Arts, Collectors' Piece And Antiques",988184,28393366,953362,8014793
98,Vehicles In-Ckd And Their Components,54111634,632576417,74773878,760759198
99,Electrical Machinery & Equipments,90299,536074066,,
