PDB Lapangan Usaha (Seri 2010),[Seri 2010] Laju Pertumbuhan PDB Seri 2010 (Persen),,,,,,,,,,,,,,,,,,,,,,,,,,,,,,,,,,,,,,,,,,,,,,,,,,,,,,,,,,,,,,,,,,,,,,,,,,,,,,,,,,,,,,,,,
,Laju Pertumbuhan Kumulatif (c-to-c),,,,,,,,,,,,,,,,,,,,,,,,,,,,,,Laju Pertumbuhan Triwulanan Berantai (q-to-q),,,,,,,,,,,,,,,,,,,,,,,,,,,,,,Laju Pertumbuhan Triwulanan terhadap Triwulan yang Sama Tahun Sebelumnya (y-on-y),,,,,,,,,,,,,,,,,,,,,,,,,,,,,
,2020,,,,,2021,,,,,2022,,,,,2023,,,,,2024,,,,,2025,,,,,2020,,,,,2021,,,,,2022,,,,,2023,,,,,2024,,,,,2025,,,,,2020,,,,,2021,,,,,2022,,,,,2023,,,,,2024,,,,,2025,,,,
,Triwulan I,Triwulan II,Triwulan III,Triwulan IV,Tahunan,Triwulan I,Triwulan II,Triwulan III,Triwulan IV,Tahunan,Triwulan I,Triwulan II,Triwulan III,Triwulan IV,Tahunan,Triwulan I,Triwulan II,Triwulan III,Triwulan IV,Tahunan,Triwulan I,Triwulan II,Triwulan III,Triwulan IV,Tahunan,Triwulan I,Triwulan II,Triwulan III,Triwulan IV,Tahunan,Triwulan I,Triwulan II,Triwulan III,Triwulan IV,Tahunan,Triwulan I,Triwulan II,Triwulan III,Triwulan IV,Tahunan,Triwulan I,Triwulan II,Triwulan III,Triwulan IV,Tahunan,Triwulan I,Triwulan II,Triwulan III,Triwulan IV,Tahunan,Triwulan I,Triwulan II,Triwulan III,Triwulan IV,Tahunan,Triwulan I,Triwulan II,Triwulan III,Triwulan IV,Tahunan,Triwulan I,Triwulan II,Triwulan III,Triwulan IV,Tahunan,Triwulan I,Triwulan II,Triwulan III,Triwulan IV,Tahunan,Triwulan I,Triwulan II,Triwulan III,Triwulan IV,Tahunan,Triwulan I,Triwulan II,Triwulan III,Triwulan IV,Tahunan,Triwulan I,Triwulan II,Triwulan III,Triwulan IV,Tahunan,Triwulan I,Triwulan II,Triwulan III,Triwulan IV,Tahunan
"A. Pertanian, Kehutanan, dan Perikanan",0.03,1.18,1.53,1.77,1.77,3.48,1.91,1.74,1.87,1.87,1.16,1.43,1.62,2.25,2.25,0.44,1.29,1.36,1.31,1.31,-3.54,0.1,0.66,0.68,0.68,10.53,5.63,5.38,5.33,5.33,9.45,16.23,1.01,-20.13,1.77,10.35,12.94,1.9,-19.42,1.87,9.08,13.52,2.18,-17.4,2.25,4.84,15.32,1.64,-17.7,1.31,0,23.43,0.11,-18.49,0.68,9.74,13.53,3.33,-18.33,5.33,0.03,2.2,2.18,2.64,1.77,3.48,0.56,1.44,2.33,1.87,1.16,1.68,1.95,4.51,2.25,0.44,2.03,1.49,1.13,1.31,-3.54,3.25,1.7,0.72,0.68,10.53,1.66,4.93,5.14,5.33
"1. Pertanian, Peternakan, Perburuan dan Jasa Pertanian",-1.17,0.98,1.73,2.14,2.14,5.37,1.74,1.36,1.12,1.12,1.56,1.57,1.48,2.33,2.33,0.47,0.35,0.25,0.18,0.18,-5.51,0.19,0.79,0.83,0.83,13.6,6.88,6.52,5.74,5.74,13.42,22.15,0.87,-25.79,2.14,15.24,14.49,2.82,-26.14,1.12,16.79,14.53,2.55,-23.05,2.33,11.16,14.27,2.38,-23.16,0.18,5.11,27.2,-0.83,-23.84,0.83,18.25,13.76,3.35,-26,5.74,-1.17,2.81,3.1,3.71,2.14,5.37,-1.23,0.68,0.21,1.12,1.56,1.59,1.32,5.56,2.33,0.47,0.24,0.07,-0.07,0.18,-5.51,5.19,1.89,0.99,0.83,13.6,1.6,5.88,2.87,5.74
a. Tanaman Pangan,-10.25,-0.01,2.3,3.61,3.61,12.42,0.83,-1.3,-1.4,-1.4,-0.08,1.3,-0.84,0.08,0.08,-3,-3.14,-2.58,-3.86,-3.86,-24.72,-4.95,-2.03,-0.19,-0.19,42.25,11.92,11.27,9.94,9.94,57.4,34.74,-12.89,-40.06,3.61,59.81,10.54,-10.8,-37.76,-1.4,62.81,13.45,-17.73,-31.1,0.08,50.83,13.14,-16.04,-37.15,-3.86,26.1,69.11,-22,-34.29,-0.19,64.14,11.74,-8.78,-37.95,9.94,-10.25,9.24,7.24,10.73,3.61,12.42,-7.77,-5.55,-1.92,-1.4,-0.08,2.55,-5.41,4.7,0.08,-3,-3.27,-1.29,-9.96,-3.86,-24.72,12.52,4.53,9.28,-0.19,42.25,-6.01,9.92,3.81,9.94
b. Tanaman Hortikultura,2.61,1.69,3.13,4.17,4.17,3.01,2.28,-0.51,0.53,0.53,3.67,2.52,3.7,4.22,4.22,-2.65,-1.67,0.11,-0.32,-0.32,-0.31,0.47,0.22,0.86,0.86,1.83,4.22,3.48,3.57,3.57,4.71,21.78,4.66,-19.18,4.17,0.01,20.21,-2.58,-11.16,0.53,-0.35,17.77,1.59,-11.17,4.22,-8.4,19.96,5.91,-15.52,-0.32,-7.12,21.69,4.52,-12.89,0.86,-8.09,26.89,0.6,-11.48,3.57,2.61,0.94,5.74,7.85,4.17,3.01,1.68,-5.35,4.04,0.53,3.67,1.56,5.92,5.91,4.22,-2.65,-0.84,3.37,-1.7,-0.32,-0.31,1.12,-0.2,2.91,0.86,1.83,6.18,2.19,3.85,3.57
c. Tanaman Perkebunan,3.97,1.84,1.4,1.34,1.34,2.17,1.15,3.88,3.52,3.52,-0.34,0,0.93,1.64,1.64,4.67,3.73,1.79,1.72,1.72,3.05,2.02,1.41,0.68,0.68,3.14,3.21,3.74,2.95,2.95,-1.22,23.46,10.97,-25.26,1.34,-0.22,21.23,19.83,-29.44,3.52,-2.77,21.97,22.32,-28.17,1.64,-2.32,19.97,17.5,-26.29,1.72,-0.82,17.76,16.72,-28.02,0.68,4.26,17.89,18.19,-31.07,2.95,3.97,0.18,0.68,1.14,1.34,2.17,0.32,8.33,2.28,3.52,-0.34,0.27,2.35,4.18,1.64,4.67,2.96,-1.1,1.5,1.72,3.05,1.15,0.48,-1.88,0.68,3.14,3.26,4.57,0.14,2.95
d. Peternakan,2.72,0.38,0.18,-0.31,-0.31,2.09,4.4,2.07,0.32,0.32,6.82,4.81,5.25,6.24,6.24,0.81,1.29,1.73,3.71,3.71,5.22,5.07,4.66,2.78,2.78,8.83,8.87,8.1,7.78,7.78,3.66,-0.44,2.2,-6.94,-0.31,7.82,4.07,-6.61,-9.59,0.32,21.57,0.23,-3.61,-6.68,6.24,11.82,1.17,-2.75,0.18,3.71,6.75,0.89,-3.77,-6.33,2.78,19.67,0.97,-5.9,-6.14,7.78,2.72,-1.87,-0.2,-1.85,-0.31,2.09,6.71,-2.49,-5.26,0.32,6.82,2.88,6.19,9.61,6.24,0.81,1.76,2.66,10.21,3.71,5.22,4.93,3.83,-2.92,2.78,8.83,8.92,6.51,6.72,7.78
e. Jasa Pertanian dan Perburuan,-1.41,0.54,1.21,1.65,1.65,5.43,2.26,1.85,1.43,1.43,1.58,1.71,1.63,2.65,2.65,0.86,0.59,0.25,0.17,0.17,-4.29,0.45,0.97,0.87,0.87,12.64,6.99,6.73,6.13,6.13,13.44,11.25,2.35,-20.08,1.65,15.85,4.9,4.08,-21,1.43,17.77,5.17,3.72,-17.2,2.65,11.67,4.62,2.95,-16.94,0.17,6.98,14.77,0,-18.13,0.87,19.87,4.01,4.08,-19.83,6.13,-1.41,2.37,2.48,3.24,1.65,5.43,-0.59,1.09,-0.08,1.43,1.58,1.84,1.48,6.37,2.65,0.86,0.34,-0.4,-0.1,0.17,-4.29,4.99,1.97,0.52,0.87,12.64,2.08,6.24,4.03,6.13
2. Kehutanan dan Penebangan Kayu,5.32,3.7,1.79,-0.03,-0.03,-6.58,-3.91,-1.41,0.07,0.07,2.07,0.4,-1.11,-1.26,-1.26,1.81,1.37,2.76,2.61,2.61,1.19,-0.85,-1.34,-2.06,-2.06,-4.29,-2.21,-1.64,-0.29,-0.29,-5.55,8.34,1.8,-9.2,-0.03,-6.72,14.29,6.73,-7.9,0.07,-9.14,10.79,3.8,-5.93,-1.26,-5.89,9.88,8.25,-8.76,2.61,-6.76,5.64,8.85,-10.68,-2.06,-6.8,10.09,8.46,-6.62,-0.29,5.32,2.24,-1.62,-5.41,-0.03,-6.58,-1.45,3.32,4.8,0.07,2.07,-1.06,-3.77,-1.71,-1.26,1.81,0.98,5.31,2.14,2.61,1.19,-2.72,-2.19,-4.24,-2.06,-4.29,-0.25,-0.6,3.92,-0.29
3. Perikanan,3.52,1.45,0.61,0.73,0.73,-1.31,4.07,4.23,5.45,5.45,-0.64,1.1,2.86,2.79,2.79,0.03,5.21,5.75,5.49,5.49,3.49,-0.09,0.59,0.68,0.68,2.3,2.31,2.3,4.95,4.95,-0.03,-4.26,1.5,4.03,0.73,-2.37,6.41,-3.25,8.44,5.45,-11,10.01,0.19,4.61,2.79,-13.25,20.9,-2.68,2.63,5.49,-14.3,13.26,2.25,1.72,0.68,-13.16,13.3,2.2,11.73,4.95,3.52,-0.63,-1.03,1.06,0.73,-1.31,9.69,4.55,8.99,5.45,-0.64,2.73,6.38,2.62,2.79,0.03,9.93,6.78,4.76,5.49,3.49,-3.05,1.86,0.95,0.68,2.3,2.33,2.27,12.34,4.95
B. Pertambangan dan Penggalian,0.45,-1.13,-2.2,-1.95,-1.95,-2.02,1.53,3.61,4,4,3.82,3.91,3.67,4.38,4.38,4.92,4.97,5.65,6.12,6.12,9.31,6.18,5.23,4.9,4.9,-1.23,0.38,-0.43,-0.66,-0.66,-0.73,-3.75,1.72,1.65,-1.95,-1.56,3.37,4.2,-0.83,4,-2.81,3.56,3.4,2.28,4.38,-4.21,3.65,5.31,2.76,6.12,-2.56,-2.17,5.62,3.25,4.9,-7.42,1.06,1.47,3.96,-0.66,0.45,-2.72,-4.28,-1.2,-1.95,-2.02,5.22,7.78,5.15,4,3.82,4.01,3.22,6.46,4.38,4.92,5.01,6.95,7.46,6.12,9.31,3.17,3.46,3.95,4.9,-1.23,2.03,-1.98,-1.31,-0.66
"1. Pertambangan Minyak, Gas dan Panas Bumi",-2.99,-5.03,-5.73,-6,-6,-6.87,-5.99,-4.76,-4.42,-4.42,-6.26,-5.04,-5.11,-4.82,-4.82,0.96,0.92,0.99,0.73,0.73,-3.52,-1.85,-0.93,-0.78,-0.78,2.59,1.75,0.98,1.14,1.14,-2.53,-4.54,-0.17,0.32,-6,-2.6,-2.68,2.81,-0.86,-4.42,-5.49,-0.13,1.27,0.49,-4.82,-0.66,-0.21,1.53,-0.67,0.73,-4.12,3.25,2.59,-1.85,-0.78,-1.32,1.57,1.15,0.23,1.14,-2.99,-7.07,-7.14,-6.81,-6,-6.87,-5.06,-2.23,-3.38,-4.42,-6.26,-3.8,-5.24,-3.95,-4.82,0.96,0.88,1.13,-0.04,0.73,-3.52,-0.18,0.87,-0.32,-0.78,2.59,0.93,-0.49,1.61,1.14
2. Pertambangan Batubara dan Lignit,0.13,-4.04,-5.28,-5.43,-5.43,-7.05,2.53,6.59,6.6,6.6,3.64,3.96,5.88,8.11,8.11,17.36,13.71,11.06,10.02,10.02,9.72,4.69,4.24,6.82,6.82,-0.91,-0.52,-2.87,-1.26,-1.26,0.32,-10.75,3.05,2.01,-5.43,-0.93,8.76,4.58,-5.37,6.6,-3.7,9.39,9.76,-0.72,8.11,-1.55,2.88,5.87,-0.09,10.02,0.83,-6.41,9.69,10.34,6.82,-12.52,-5.64,1.79,22.54,-1.26,0.13,-8.32,-7.75,-5.87,-5.43,-7.05,13.27,14.95,6.63,6.6,3.64,4.25,9.41,14.8,8.11,17.36,10.37,6.45,7.13,10.02,9.72,-0.19,3.41,14.21,6.82,-0.91,-0.1,-7.29,2.96,-1.26
3. Pertambangan Bijih Logam,9.18,20.48,16.3,20.26,20.26,24.48,20.99,22.29,22.84,22.84,25.78,23.96,18.65,18.01,18.01,-5.41,-2.01,4.48,8.5,8.5,34.36,21.57,14.89,8.3,8.3,-11.83,-4.97,-4.38,-7.92,-7.92,11.49,20.33,-1.89,1.12,20.26,4.28,14.15,3.62,0.85,22.84,5.44,11.06,-7.68,7.51,18.01,-14.2,18.65,7.66,9.43,8.5,-3.88,-2.17,0.54,-2.71,8.3,-7.87,13.25,-4.63,-18.5,-7.92,9.18,31.82,9.23,33.09,20.26,24.48,18.08,24.73,24.39,22.84,25.78,22.37,9.03,16.24,18.01,-5.41,1.05,17.84,19.94,8.5,34.36,10.79,3.46,-8.02,8.3,-11.83,2.06,-3.19,-18.9,-7.92
4. Pertambangan dan Penggalian Lainnya,2.56,-0.8,-1.22,-1.22,-1.22,-0.62,0.57,1.22,1.97,1.97,4.79,2.94,2.47,2.33,2.33,1.08,3.5,4.65,5.37,5.37,7.25,6.98,7.01,6.27,6.27,3.7,5.32,5.59,4.79,4.79,-5.11,-4.77,5.52,3.6,-1.22,-4.54,-2.43,6.22,5.21,1.97,-3.89,-5.92,6.78,5.6,2.33,-4.71,-1.28,7.57,6.09,5.37,-4.81,-1.78,7.93,3.31,6.27,-5.32,1.32,7.04,-0.11,4.79,2.56,-4.1,-2.04,-1.21,-1.22,-0.62,1.82,2.49,4.08,1.97,4.79,1.04,1.58,1.96,2.33,1.08,6.08,6.86,7.36,5.37,7.25,6.71,7.06,4.26,6.27,3.7,6.97,6.09,2.58,4.79
C. Industri Pengolahan,2.06,-2.09,-2.86,-2.93,-2.93,-1.38,2.46,2.87,3.39,3.39,5.07,4.54,4.64,4.89,4.89,4.43,4.65,4.84,4.64,4.64,4.13,4.04,4.27,4.43,4.43,4.55,5.12,5.26,5.3,5.3,-1.18,-6.49,5.22,-0.38,-2.93,0.61,1.07,2.35,0.82,3.39,0.75,0.04,3.16,1.6,4.89,-0.4,0.47,3.47,0.51,4.64,-0.35,0.3,4.24,0.68,4.43,-0.67,1.38,4.09,0.55,5.3,2.06,-6.18,-4.34,-3.14,-2.93,-1.38,6.58,3.68,4.92,3.39,5.07,4.01,4.83,5.64,4.89,4.43,4.88,5.19,4.07,4.64,4.13,3.95,4.72,4.89,4.43,4.55,5.68,5.54,5.4,5.3
1. Industri Batubara dan Pengilangan Migas,2.58,-3.93,-5.1,-6.81,-6.81,-7.7,-2.42,-1.89,0.57,0.57,1.15,0.95,2.03,3.72,3.72,1.94,5.07,5.73,4.16,4.16,-1.41,-2.14,-0.26,1.04,1.04,7.28,6.9,6.27,6.92,6.92,1.28,-9.1,0.65,-4.99,-6.81,6.19,1.8,-3.39,3.97,0.57,-1.08,1.4,-0.02,8.35,3.72,-7.2,7.6,-1.06,1.06,4.16,-8.36,6.06,5.28,2.44,1.04,-6.21,5.32,3.89,5.94,6.92,2.58,-10.2,-7.44,-11.96,-6.81,-7.7,3.37,-0.77,8.58,0.57,1.15,0.75,4.26,8.65,3.72,1.94,8.16,7.04,-0.16,4.16,-1.41,-2.82,3.41,4.82,1.04,7.28,6.53,5.13,8.72,6.92
Industri Pengolahan Non Migas,2.01,-1.9,-2.63,-2.52,-2.52,-0.71,2.98,3.37,3.67,3.67,5.47,4.9,4.89,5.01,5.01,4.67,4.61,4.75,4.69,4.69,4.64,4.64,4.71,4.75,4.75,4.31,4.96,5.17,5.15,5.15,-1.44,-6.21,5.69,0.07,-2.52,0.08,0.99,2.93,0.52,3.67,0.93,-0.09,3.47,0.96,5.01,0.28,-0.19,3.93,0.46,4.69,0.42,-0.21,4.14,0.51,4.75,-0.13,1.03,4.11,0.04,5.15,2.01,-5.74,-4.02,-2.22,-2.52,-0.71,6.91,4.12,4.58,3.67,5.47,4.33,4.88,5.35,5.01,4.67,4.56,5.02,4.49,4.69,4.64,4.63,4.84,4.89,4.75,4.31,5.6,5.58,5.08,5.15
1. Industri Makanan dan Minuman,3.94,2.03,1.55,1.58,1.58,2.45,2.7,2.97,2.54,2.54,3.75,3.71,3.66,4.9,4.9,5.33,4.97,4.39,4.47,4.47,5.87,5.7,5.74,5.9,5.9,6.04,6.09,6.23,6.38,6.38,-0.7,1.87,4.23,-3.59,1.58,0.07,2.37,4.78,-5.69,2.54,2.56,2.3,4.67,-1.03,4.9,-0.61,1.61,3.32,0.34,4.47,0.49,1.29,3.6,0.85,5.9,0.19,1.4,3.93,1.16,6.38,3.94,0.22,0.66,1.66,1.58,2.45,2.95,3.49,1.23,2.54,3.75,3.68,3.57,8.68,4.9,5.33,4.62,3.28,4.71,4.47,5.87,5.53,5.82,6.35,5.9,6.04,6.15,6.49,6.81,6.38
2. Industri Pengolahan Tembakau,3.49,-3.51,-4.06,-5.78,-5.78,-9.58,-5.74,-3.68,-1.32,-1.32,0.98,0.51,-0.65,-2.34,-2.34,-7.26,-2.65,2.56,4.8,4.8,7.63,6.35,4.07,3.49,3.49,-3.77,0.33,-0.11,-1.37,-1.37,3.56,-17.59,4.25,0.31,-5.78,4.94,-9.84,6.1,5.62,-1.32,-0.06,-10.74,3.01,1.08,-2.34,-0.21,-1.34,13.83,-0.44,4.8,-3.74,-3.7,8.39,1.41,3.49,-9.09,4.67,2.67,-2.72,-1.37,3.49,-10.84,-5.19,-10.77,-5.78,-9.58,-1.07,0.69,6.03,-1.32,0.98,-0.03,-2.94,-7.11,-2.34,-7.26,2.51,13.28,11.58,4.8,7.63,5.05,0.03,1.89,3.49,-3.77,4.59,-0.93,-4.97,-1.37
3. Industri Tekstil dan Pakaian Jadi,-1.24,-7.9,-8.37,-8.88,-8.88,-13.28,-9.11,-7.21,-4.08,-4.08,12.45,13.1,11.38,9.34,9.34,-0.07,-0.89,-1.5,-1.98,-1.98,2.64,1.3,3.32,4.26,4.26,4.64,4.5,3.28,3.55,3.55,0.48,-8.72,2.97,-5.23,-8.88,-2.65,0.48,4.27,3.87,-4.08,3.33,1.64,-0.92,-0.43,9.34,-0.34,-0.02,-1.95,-1.15,-1.98,5.92,-2.63,5.37,-1.38,4.26,3.42,-2.89,1.91,1.98,3.55,-1.24,-14.23,-9.32,-10.49,-8.88,-13.28,-4.54,-3.34,5.94,-4.08,12.45,13.74,8.09,3.61,9.34,-0.07,-1.7,-2.72,-3.42,-1.98,2.64,-0.03,7.43,7.17,4.26,4.64,4.35,0.93,4.37,3.55
"4. Industri Kulit, Barang dari Kulit dan Alas Kaki",-0.36,-4.45,-9.66,-8.76,-8.76,1.74,2.47,7.2,7.75,7.75,8.25,10.6,11.54,9.36,9.36,-2.75,-1.58,-2.05,-0.34,-0.34,5.9,3.92,6.01,6.83,6.83,6.95,7.62,4.87,3.31,3.31,-1.2,-8.26,-9.43,14.41,-8.76,7.02,-6.88,3.61,5.91,7.75,5.94,-2.7,3.91,-3.7,9.36,-0.12,-0.33,1.21,4.12,-0.34,0.82,-4.06,9.37,3.19,6.83,-1.22,-2.84,0.72,2.38,3.31,-0.36,-8.55,-19.75,-6.07,-8.76,1.74,3.26,18.12,9.35,7.75,8.25,13.12,13.44,3.16,9.36,-2.75,-0.38,-2.96,4.91,-0.34,5.9,1.93,10.15,9.16,6.83,6.95,8.31,-0.25,-1.03,3.31
"5. Industri Kayu, Barang dari Kayu dan Gabus dan Barang Anyaman dari Bambu, Rotan dan Sejenisnya",3.17,0.97,-1.42,-2.16,-2.16,-8.51,-7.32,-5.31,-3.71,-3.71,8.27,6.83,2.99,0.59,0.59,-6.23,-4.1,-0.38,1.2,1.2,3.97,4.04,3.73,2.79,2.79,0.11,-1.8,-4.48,-3.29,-3.29,-0.51,-4.39,0.98,-0.43,-2.16,-4.82,-1.85,6.17,1.97,-3.71,1.89,-4.49,-3.57,-0.07,0.59,1.89,-0.03,5.62,-1.36,1.2,-0.18,0.12,4.62,-4.31,2.79,-0.11,-3.7,-1.78,6.19,-3.29,3.17,-1.23,-5.92,-4.36,-2.16,-8.51,-6.07,-1.24,1.13,-3.71,8.27,5.36,-4.31,-6.23,0.59,-6.23,-1.86,7.51,6.12,1.2,3.97,4.12,3.13,0.04,2.79,0.11,-3.71,-9.6,0.33,-3.29
6. Industri Kertas dan Barang dari Kertas; Percetakan dan Reproduksi Media Rekaman,4.5,2.76,1.31,0.22,0.22,-2.67,-3.34,-4.02,-2.89,-2.89,2.95,3.43,4.47,3.73,3.73,2.22,3.36,4.09,4.52,4.52,6.13,3.03,2.93,2.61,2.61,1.06,2.99,2.72,3.36,3.36,-2.6,1.2,0.89,-2.44,0.22,-2.29,-0.19,-0.54,3.67,-2.89,0.03,0.74,2.03,-1.2,3.73,0.67,2.98,3,-0.89,4.52,0.95,-2.94,5.79,-1.92,2.61,0.35,0.84,2.97,1.05,3.36,4.5,1.1,-1.42,-2.98,0.22,-2.67,-4.01,-5.37,0.56,-2.89,2.95,3.91,6.58,1.57,3.73,2.22,4.5,5.49,5.83,4.52,6.13,0.03,2.74,1.67,2.61,1.06,4.99,2.19,5.29,3.36
"7. Industri Kimia, Farmasi dan Obat Tradisional",5.59,7.12,9.73,9.39,9.39,11.46,10.29,10.09,9.61,9.61,6.47,4.28,1.57,0.69,0.69,-3.52,-2.46,-0.15,0.11,0.11,8.1,8.06,6.33,5.86,5.86,3.68,6.52,8.24,8.35,8.35,-2.5,2.87,5.69,2.31,9.39,0.21,0.74,6.23,0.97,9.61,-1.46,-3.4,0.41,2.72,0.69,-3.16,-1.24,6.4,-0.89,0.11,3.8,-1.33,1.54,0.45,5.86,3.02,4.11,3.63,-2.23,8.35,5.59,8.65,14.96,8.45,9.39,11.46,9.15,9.71,8.28,9.61,6.47,2.1,-3.5,-1.83,0.69,-3.52,-1.36,4.53,0.85,0.11,8.1,8.01,3.08,4.47,5.86,3.68,9.39,11.65,8.68,8.35
"8. Industri Karet, Barang dari Karet dan Plastik",-0.82,-6.39,-7.49,-5.61,-5.61,3.84,7.53,4.07,1.08,1.08,-12.13,-7.8,-5.46,-4.1,-4.1,1.66,-2.86,-3.35,-3.63,-3.63,-5.24,-1.64,0.03,1.75,1.75,2.45,-0.07,-1.13,-4.07,-4.07,1.43,-11.74,7.52,4.13,-5.61,5.07,-5.03,-6.45,-0.92,1.08,-0.18,4.59,-3.64,-0.31,-4.1,1.19,-4.51,-0.69,-0.47,-3.63,0.39,2.92,0.61,2.96,1.75,-3.9,-2.08,-0.09,-6.97,-4.07,-0.82,-11.98,-9.61,0.24,-5.61,3.84,11.72,-2.8,-7.51,1.08,-12.13,-3.23,-0.33,0.29,-4.1,1.66,-7.18,-4.34,-4.49,-3.63,-5.24,2.13,3.46,7.03,1.75,2.45,-2.52,-3.2,-12.53,-4.07
9. Industri Barang Galian bukan Logam,-5.3,-7.17,-7.85,-9.13,-9.13,-7.28,0.03,1.05,0.89,0.89,1.35,-1.85,-1.9,-2,-2,-2.1,-0.34,2.32,4.11,4.11,9.98,4.85,1.63,-0.6,-0.6,-1.68,4.01,5.17,6.16,6.16,-16.37,-8.84,11.37,3.02,-9.13,-11.36,6.24,6.12,0.52,0.89,-10.57,-0.29,9.36,0.18,-2,-10.38,3.29,15.6,2.02,4.11,-9.71,-6.2,11.26,-0.79,-0.6,-5.04,5.01,8.5,0.73,6.16,-5.3,-9.13,-9.11,-12.52,-9.13,-7.28,8.05,2.96,0.46,0.89,1.35,-4.87,-1.97,-2.3,-2,-2.1,1.42,7.2,9.17,4.11,9.98,-0.12,-3.86,-6.51,-0.6,-1.68,10.07,7.34,8.98,6.16
10. Industri Logam Dasar,3.98,3.39,4.01,5.87,5.87,7.71,12.66,11.57,11.5,11.5,7.9,11.86,14.68,14.8,14.8,15.51,13.42,12.5,14.17,14.17,16.57,17.34,15.59,13.34,13.34,14.47,14.69,16.04,15.71,15.71,6.31,-7.85,10.73,2.75,5.87,2.74,0.97,2.75,4.42,11.5,-0.41,8.36,6.63,0.05,14.8,-0.08,4.59,6.02,7.24,14.17,-1.97,5.94,0.9,2.47,13.34,4.52,6.34,4.16,-0.87,15.71,3.98,2.76,5.19,11.46,5.87,7.71,18.03,9.52,11.31,11.5,7.9,15.79,20.16,15.12,14.8,15.51,11.49,10.86,18.82,14.17,16.57,18.07,12.36,7.36,13.34,14.47,14.91,18.62,14.76,15.71
"11. Industri Barang Logam; Komputer, Barang Elektronik, Optik; dan Peralatan Listrik",-3.52,-6.4,-6.56,-5.46,-5.46,-4.08,1.15,-2.02,-1.62,-1.62,6.8,3.47,6.4,6.71,6.71,12.78,15.02,14.57,13.67,13.67,2.78,3.45,4.75,6.16,6.16,6.18,4.08,4.74,4.58,4.58,-3.56,-6.29,8.11,0.2,-5.46,-5.51,4.27,-6.87,8.44,-1.62,1.42,-2.12,4.55,3.69,6.71,6.28,1.82,1.32,1.35,13.67,-1.7,3.14,4.41,4.18,6.16,-5.36,-0.88,8.44,2.37,4.58,-3.52,-9.29,-6.86,-2.11,-5.46,-4.08,6.73,-8.06,-0.49,-1.62,6.8,0.26,12.56,7.62,6.71,12.78,17.32,13.68,11.12,13.67,2.78,4.11,7.29,10.28,6.16,6.18,2.04,5.98,4.13,4.58
12. Industri Mesin dan Perlengkapan,-9.33,-11.29,-11.12,-10.17,-10.17,3.22,9.36,11.56,11.43,11.43,9.92,10.56,12.93,11.37,11.37,1.01,0.5,0.97,-0.03,-0.03,-1.34,-1.57,-0.13,-0.42,-0.42,-0.65,8.98,9.97,13.98,13.98,-5.22,-12.22,0.21,11.11,-10.17,5.63,-1.06,0.12,6.13,11.43,4.55,0.11,5.93,-3.54,11.37,-1.26,-0.91,7.91,-8.16,-0.03,0.46,-1.37,12.7,-11.61,-0.42,1.13,17.88,6.05,0.14,13.98,-9.33,-13.42,-10.76,-7.38,-10.17,3.22,16.35,16.25,11.05,11.43,9.92,11.22,17.67,6.95,11.37,1.01,-0.02,1.86,-3.03,-0.03,-1.34,-1.8,2.55,-1.3,-0.42,-0.65,18.75,11.74,26.6,13.98
13. Industri Alat Angkutan,4.64,-14.77,-20.17,-19.86,-19.86,-10.93,10.84,16.13,17.82,17.82,14.2,10.74,10.57,10.67,10.67,17.27,13.54,11.41,7.63,7.63,-5.26,-3.52,-2.39,-2.1,-2.1,-3.46,-2.25,-1.95,-2.64,-2.64,-2.41,-37.54,17.48,13.14,-19.86,7.28,2.18,3.08,8.51,17.82,-0.08,-3.96,5.88,9.19,10.67,5.61,-10.18,3.6,-0.81,7.63,2.64,-6.69,5.19,-1.98,-2.1,0.34,-4.26,4.74,-5.32,-2.64,4.64,-34.29,-29.98,-18.98,-19.86,-10.93,45.7,27.84,22.61,17.82,14.2,7.35,10.26,10.95,10.67,17.27,9.66,7.31,-2.52,7.63,-5.26,-1.58,-0.07,-1.25,-2.1,-3.46,-0.95,-1.37,-4.73,-2.64
14. Industri Furnitur,-7.28,-5,-3.91,-3.36,-3.36,8.04,7.61,7.41,8.16,8.16,4.36,2.12,0.12,-1.99,-1.99,-8.38,-5.63,-4.65,-2.04,-2.04,1.66,0.5,2.56,2.07,2.07,9.86,4.98,1.79,1.6,1.6,-3.6,-1.34,2.06,1.24,-3.36,5.97,-2.12,1.91,4.42,8.16,0.2,-6.36,-1.86,-0.12,-1.99,-0.19,-0.53,-1.76,8.76,-2.04,-4.33,-2.81,5.58,2.58,2.07,4.37,-11.58,1.04,8.38,1.6,-7.28,-2.57,-1.69,-1.72,-3.36,8.04,7.18,7.02,10.37,8.16,4.36,-0.16,-3.85,-8.03,-1.99,-8.38,-2.69,-2.59,6.07,-2.04,1.66,-0.66,6.76,0.7,2.07,9.86,-0.05,-4.34,1.06,1.6
15. Industri Pengolahan Lainnya; Jasa Reparasi dan Pemasangan Mesin dan Peralatan,-4.73,-4.96,-2.9,-0.88,-0.88,1.24,1.07,-1.59,-1.64,-1.64,1.94,2.93,4.88,6.08,6.08,1.71,0.31,-0.83,-2.1,-2.1,2.68,4.04,3.77,3.54,3.54,7.54,7.33,9.55,9.24,9.24,0.49,-0.54,8.88,-3.01,-0.88,-3.61,-0.87,0.92,1.83,-1.64,0.07,1.06,5.61,2.61,6.08,-7.13,-1.7,3.58,-0.27,-2.1,1.11,0.94,1.44,-0.64,3.54,5.71,0.55,7.85,-5.52,9.24,-4.73,-5.19,1.15,5.54,-0.88,1.24,0.9,-6.48,-1.81,-1.64,1.94,3.93,8.77,9.6,6.08,1.71,-1.07,-2.97,-5.69,-2.1,2.68,5.43,3.25,2.86,3.54,7.54,7.13,13.9,8.31,9.24
D. Pengadaan Listrik dan Gas,3.85,-0.83,-1.39,-2.34,-2.34,1.68,5.23,4.76,5.55,5.55,7.04,8.18,8.14,6.61,6.61,2.67,2.91,3.64,4.91,4.91,5.35,5.37,5.25,4.77,4.77,5.11,2.99,2.95,3.1,3.1,-5.66,-7.89,8.3,0.94,-2.34,0.98,-1.17,3.1,4.79,5.55,0.26,0.94,1.89,-0.78,6.61,0.61,1.42,3.77,2.63,4.91,-2.47,1.46,3.42,1.07,4.77,-0.88,-2.61,5.42,1.75,3.1,3.85,-5.46,-2.44,-5.01,-2.34,1.68,9.09,3.85,7.81,5.55,7.04,9.33,8.05,2.31,6.61,2.67,3.15,5.06,8.68,4.91,5.35,5.39,5.02,3.42,4.77,5.11,0.9,2.86,3.55,3.1
1. Ketenagalistrikan,4.17,0.24,0.1,-0.98,-0.98,1.65,4.87,4.42,5.61,5.61,8.09,8.92,8.92,7.06,7.06,2.01,2.72,3.44,5.07,5.07,7.78,7.42,7.14,6.47,6.47,5.6,3.39,3.39,3.44,3.44,-4.93,-6.41,7.54,0.32,-0.98,0.67,-0.28,2.83,5.65,5.61,-0.23,1.24,2.07,-1.19,7.06,-0.09,2.64,3.46,3.62,5.07,-2.06,1.97,3.01,1.65,6.47,-1.11,-2.25,5.23,1.84,3.44,4.17,-3.63,-0.18,-4.01,-0.98,1.65,8.3,3.56,9.07,5.61,8.09,9.74,8.93,1.87,7.06,2.01,3.43,4.83,9.94,5.07,7.78,7.07,6.61,4.59,6.47,5.6,1.23,3.4,3.59,3.44
2. Pengadaan Gas dan Produksi Es,1.55,-8.7,-11.9,-11.94,-11.94,1.92,8.19,7.52,5.05,5.05,-0.82,2.47,2.02,3.01,3.01,8.03,4.47,5.32,3.54,3.54,-13.34,-11.29,-10.25,-9.51,-9.51,0.49,-0.92,-1.44,-0.31,-0.31,-10.84,-18.97,14.85,5.98,-11.94,3.33,-7.84,5.23,-2.02,5.05,4.38,-1.47,0.36,2.73,3.01,6.34,-8.01,6.48,-5.61,3.54,-6.27,-3.46,7.48,-4.58,-9.51,1.5,-6.22,7.43,0.86,-0.31,1.55,-18.82,-17.52,-12.05,-11.94,1.92,15.92,6.21,-1.81,5.05,-0.82,6.03,1.12,6.03,3.01,8.03,0.86,7.01,-1.68,3.54,-13.34,-9.05,-8.2,-7.2,-9.51,0.49,-2.38,-2.43,3.14,-0.31
"E. Pengadaan Air, Pengelolaan Sampah, Limbah dan Daur Ulang",4.38,4.41,4.92,4.94,4.94,5.46,5.62,5.27,4.97,4.97,1.35,2.92,3.37,3.23,3.23,5.7,5.23,4.98,4.9,4.9,4.44,2.61,1.74,1.57,1.57,0.18,0.5,1.43,0.94,0.94,-1.04,1.36,1.5,3.11,4.94,-0.59,1.67,0.33,2.7,4.97,-3.24,4.79,0.13,1.3,3.23,-0.55,3.87,-0.14,1.46,4.9,-0.76,0.3,-0.94,2.5,1.57,-1.63,0.94,1.52,-1.3,0.94,4.38,4.44,5.94,4.98,4.94,5.46,5.78,4.56,4.14,4.97,1.35,4.46,4.26,2.84,3.23,5.7,4.78,4.49,4.66,4.9,4.44,0.85,0.04,1.06,1.57,0.18,0.82,3.32,-0.51,0.94
F. Konstruksi,2.9,-1.26,-2.39,-3.26,-3.26,-0.79,1.72,2.43,2.81,2.81,4.83,2.95,2.16,2.01,2.01,0.32,2.7,3.94,4.91,4.91,7.59,7.44,7.46,7.02,7.02,2.18,3.57,3.79,3.81,3.81,-6.92,-7.37,5.72,3.48,-3.26,-2.1,-2.51,5.13,3.56,2.81,-1.24,-6.05,4.72,4.57,2.01,-2.49,-1.44,5.87,5.84,4.91,-2.57,-1.72,6.06,4.19,7.02,-5.92,0.98,5.28,3.88,3.81,2.9,-5.39,-4.52,-5.67,-3.26,-0.79,4.42,3.84,3.91,2.81,4.83,1.02,0.63,1.61,2.01,0.32,5.23,6.39,7.68,4.91,7.59,7.29,7.48,5.81,7.02,2.18,4.98,4.21,3.89,3.81
G. Perdagangan Besar dan Eceran; Reparasi Mobil dan Sepeda Motor,1.5,-3.15,-3.83,-3.79,-3.79,-1.28,3.92,4.33,4.63,4.63,5.74,5.08,5.18,5.53,5.53,4.94,5.12,5.11,4.85,4.85,4.58,4.73,4.77,4.89,4.89,5.04,5.21,5.3,5.49,5.49,-1.43,-6.74,5.66,-0.83,-3.79,1.01,3.45,1.44,-0.43,4.63,1.2,2.18,2.35,0.69,5.53,-0.34,2.52,2.16,-0.27,4.85,0.12,2.81,2.13,0.1,4.89,-0.06,3.14,2.21,0.68,5.49,1.5,-7.68,-5.14,-3.66,-3.79,-1.28,9.5,5.12,5.54,4.63,5.74,4.44,5.37,6.57,5.53,4.94,5.29,5.09,4.09,4.85,4.58,4.87,4.85,5.23,4.89,5.04,5.38,5.46,6.07,5.49
"1. Perdagangan Mobil, Sepeda Motor dan Reparasinya",1.07,-14.34,-15.61,-14.11,-14.11,-5.47,12.31,13.18,12.13,12.13,7.45,5.38,5.6,5.94,5.94,6.94,6.79,6.3,4.5,4.5,-0.1,-0.06,-0.01,-0.04,-0.04,-0.55,-0.34,-0.35,0.4,0.4,-3.01,-30.53,21.71,10.09,-14.11,1.57,1.33,1.44,4.66,12.13,-0.11,-2.55,4.09,5.5,5.94,-0.06,-2.83,2.82,-0.37,4.5,0.36,-2.76,2.95,-0.6,-0.04,-0.07,-2.34,2.7,2.43,0.4,1.07,-29.75,-18.05,-9.73,-14.11,-5.47,37.89,14.93,9.26,12.13,7.45,3.34,6.03,6.88,5.94,6.94,6.64,5.34,-0.52,4.5,-0.1,-0.03,0.11,-0.12,-0.04,-0.55,-0.13,-0.38,2.65,0.4
"2. Perdagangan Besar dan Eceran, Bukan Mobil dan Sepeda Motor",1.6,-0.56,-1.1,-1.38,-1.38,-0.3,2.25,2.58,3.11,3.11,5.36,5.01,5.09,5.44,5.44,4.49,4.75,4.85,4.93,4.93,5.67,5.8,5.83,5.98,5.98,6.26,6.39,6.48,6.55,6.55,-1.05,-1.18,3.03,-2.94,-1.38,0.89,3.92,1.44,-1.53,3.11,1.5,3.25,1.98,-0.35,5.44,-0.41,3.76,2.01,-0.24,4.93,0.07,4.02,1.96,0.25,5.98,-0.06,4.26,2.12,0.34,6.55,1.6,-2.65,-2.14,-2.22,-1.38,-0.3,4.84,3.22,4.72,3.11,5.36,4.68,5.23,6.49,5.44,4.49,5.01,5.04,5.16,4.93,5.67,5.93,5.88,6.4,5.98,6.26,6.5,6.67,6.77,6.55
H. Transportasi dan Pergudangan,1.27,-15.05,-15.62,-15.05,-15.05,-13.09,2.75,1.57,3.24,3.24,15.79,18.56,20.97,19.87,19.87,15.93,15.59,15.3,13.96,13.96,8.66,9.12,8.96,8.69,8.69,9.01,8.75,8.71,8.78,8.78,-6.41,-29.16,24.28,5.08,-15.05,-6.05,1.96,-1.37,14.24,3.24,0.8,6.78,2.31,6.24,19.87,-0.11,6.18,1.84,2.15,13.96,-1.62,7.05,0.98,1.47,8.69,-0.63,6.58,1.08,1.81,8.78,1.27,-30.79,-16.71,-13.42,-15.05,-13.09,25.1,-0.72,7.93,3.24,15.79,21.27,25.8,16.99,19.87,15.93,15.28,14.74,10.33,13.96,8.66,9.56,8.64,7.92,8.69,9.01,8.52,8.62,8.98,8.78
1. Angkutan Rel,-6.95,-36.03,-41.22,-42.34,-42.34,-44.98,-12.41,-11.12,-3.37,-3.37,42.97,50.69,73.18,69.75,69.75,51.08,32.8,26.51,23.74,23.74,18.16,21.25,18.77,18.61,18.61,17.56,13.06,10.7,9.14,9.14,-14.21,-59.11,37.97,12.48,-42.34,-13.3,24.31,-24.02,47.45,-3.37,2.67,36.41,9.72,5.36,69.75,-4.19,7.8,7.14,5.7,23.74,-3.2,13.23,-1.33,9.28,18.61,-3.71,5.05,-3.94,8.07,9.14,-6.95,-63.75,-51.11,-45.56,-42.34,-44.98,67.25,-7.9,20.73,-3.37,42.97,56.9,126.59,61.9,69.75,51.08,19.4,16.58,16.95,23.74,18.16,24.11,14.31,18.19,18.61,17.56,9.07,6.19,5.01,9.14
2. Angkutan Darat,5.15,-6.46,-5.97,-5.34,-5.34,-4.41,5.7,4.87,4.55,4.55,6.87,8.32,8.46,8.73,8.73,7.86,9.15,9.58,9.66,9.66,9.93,10.1,10.06,9.89,9.89,9.89,9.94,9.93,9.75,9.75,-0.67,-18.76,17.09,2.13,-5.34,-1.6,0.41,2.36,2.47,4.55,1.47,3.14,1.37,3.22,8.73,-0.06,5.58,1.38,2.73,9.66,-0.03,5.91,1.1,2.19,9.89,0.42,6,1.05,1.55,9.75,5.15,-17.65,-5.03,-3.5,-5.34,-4.41,18.15,3.28,3.63,4.55,6.87,9.77,8.72,9.52,8.73,7.86,10.41,10.41,9.89,9.66,9.93,10.27,9.97,9.4,9.89,9.89,9.98,9.92,9.24,9.75
3. Angkutan Laut,5.84,-5.97,-5.74,-4.57,-4.57,-4.09,5.19,3.6,2.89,2.89,-0.11,2.27,3.55,5.12,5.12,19,18.62,18.28,15.47,15.47,3.99,3.14,2.26,2.42,2.42,6.87,8.35,8.98,10.25,10.25,-4.26,-17.29,19.34,4.51,-4.57,-7.03,0.39,3.2,4.78,2.89,-7.99,5.17,4.57,8.22,5.12,-0.02,4.51,4.03,-0.62,15.47,-3.76,2.84,2.27,1.63,2.42,-0.02,5.67,2.63,5.05,10.25,5.84,-17.14,-5.32,-1.24,-4.57,-4.09,16.41,0.67,0.93,2.89,-0.11,4.64,6.03,9.51,5.12,19,18.26,17.65,8.04,15.47,3.99,2.33,0.6,2.87,2.42,6.87,9.8,10.19,13.9,10.25
4. Angkutan Sungai Danau dan Penyeberangan,1.16,-13.11,-13.24,-13,-13,-18.43,-7.61,-6.64,-0.42,-0.42,41.9,71.36,78.31,69.94,69.94,40.12,21.29,15.26,13.54,13.54,5.65,5.48,5.07,4.44,4.44,7.39,6.95,7.23,7.09,7.09,-4.16,-23.67,17.45,2.08,-13,-10.88,-0.28,5.01,26.09,-0.42,7.48,41.18,0.12,-0.84,69.94,-0.03,8.77,-2.64,2.81,13.54,-2.97,8.44,-3.61,1.18,4.44,1.55,7.58,-2.46,0.12,7.09,1.16,-26.66,-13.51,-12.28,-13,-18.43,6.55,-4.74,17.67,-0.42,41.9,100.91,91.55,50.64,69.94,40.12,7.95,4.98,8.84,13.54,5.65,5.32,4.27,2.61,4.44,7.39,6.54,7.81,6.68,7.09
5. Angkutan Udara,-13.35,-46.79,-52.78,-53.06,-53.06,-52.35,-17.09,-17.8,-8.01,-8.01,53.2,55.58,78.79,66.9,66.9,41.1,36.67,35.26,28.96,28.96,4.91,6.73,7.61,6.75,6.75,4.87,2.21,1.35,1.99,1.99,-23.19,-77.23,97.06,34.02,-53.06,-20.75,13.58,-33.47,99.21,-8.01,1.77,16.9,3.13,17.43,66.9,-0.33,10.08,3.01,0.8,28.96,-8.22,13.72,3.82,-3.74,6.75,-7.73,8.31,3.72,0.23,1.99,-13.35,-80.26,-63.9,-53.81,-53.06,-52.35,137.74,-19.74,19.3,-8.01,53.2,57.67,144.4,44.07,66.9,41.1,32.88,32.73,13.93,28.96,4.91,8.38,9.23,4.32,6.75,4.87,-0.12,-0.23,3.88,1.99
6. Pergudangan dan Jasa Penunjang Angkutan; Pos dan Kurir,-0.64,-20.07,-19.19,-17.61,-17.61,-15.89,3.67,-0.72,5.03,5.03,40.94,43.53,47.97,40.54,40.54,22.86,21.85,20.79,17.91,17.91,9.32,10.37,9.7,9.37,9.37,9.51,9.4,9.58,9.66,9.66,-10.86,-34.71,41.31,5.64,-17.61,-13.71,3.73,-3.3,38.87,5.03,1.18,7.48,3.96,9.97,40.54,-0.01,5.78,2.16,2.21,17.91,-1.01,7.75,-0.54,2.21,9.37,-0.02,7.54,0.05,2.14,9.66,-0.64,-38.49,-17.57,-13.12,-17.61,-15.89,33.62,-8.56,20.2,5.03,40.94,46.03,57,24.32,40.54,22.86,20.91,18.82,10.43,17.91,9.32,11.37,8.43,8.42,9.37,9.51,9.3,9.95,9.88,9.66
I. Penyediaan Akomodasi dan Makan Minum,1.92,-10.14,-10.72,-10.26,-10.26,-7.28,5.33,3.5,3.88,3.88,6.57,8.19,11.29,11.94,11.94,11.54,10.71,10.78,10,10,9.34,9.67,9.17,8.46,8.46,5.75,6.99,7.5,7.41,7.41,-3.53,-22.29,14.76,5.87,-10.26,-1.8,1.86,-5.71,11.29,3.88,-0.3,4.94,1.17,7.49,11.94,-2.25,3.4,2.1,4.53,10,-0.93,4.03,0.44,2.85,8.46,-1.59,6.42,0.73,1.57,7.41,1.92,-22.01,-11.86,-8.91,-10.26,-7.28,21.54,-0.14,4.97,3.88,6.57,9.79,17.79,13.77,11.94,11.54,9.91,10.93,7.88,10,9.34,10,8.21,6.47,8.46,5.75,8.18,8.5,7.15,7.41
1. Penyediaan Akomodasi,-4.57,-24.29,-25.56,-24.49,-24.49,-17.67,5.33,0.88,5.77,5.77,21.72,25,36.14,30.96,30.96,15.02,13.66,13.73,13.15,13.15,8.73,10.77,9.75,8.61,8.61,-0.61,-0.6,-0.49,-0.4,-0.4,-7.62,-42.18,31.81,11.66,-24.49,-3.26,1.91,-16.74,45.24,5.77,-1.23,7.36,5.6,6.2,30.96,-4.47,4.9,6.99,4.08,13.15,-6.91,8.73,2.42,1.79,8.61,-12.32,8.76,2.74,1.9,-0.4,-4.57,-44.22,-28.06,-21.38,-24.49,-17.67,45.11,-8.34,19.22,5.77,21.72,28.23,62.63,18.91,30.96,15.02,12.39,13.87,11.59,13.15,8.73,12.7,7.89,5.52,8.61,-0.61,-0.59,-0.28,-0.17,-0.4
2. Penyediaan Makan Minum,3.49,-6.77,-7.2,-6.88,-6.88,-4.96,5.32,4,3.52,3.52,3.64,4.94,6.7,8.21,8.21,10.76,10.03,10.09,9.26,9.26,9.48,9.41,9.03,8.42,8.42,7.24,8.82,9.46,9.34,9.34,-2.56,-17.85,12.08,4.8,-6.88,-1.51,1.85,-3.58,5.62,3.52,-0.08,4.39,0.13,7.81,8.21,-1.71,3.05,0.92,4.65,9.26,0.59,2.92,-0.06,3.12,8.42,1.09,5.92,0.28,1.49,9.34,3.49,-16.81,-8.04,-5.98,-6.88,-4.96,17.84,1.38,2.16,3.52,3.64,6.22,10.3,12.59,8.21,10.76,9.34,10.2,6.97,9.26,9.48,9.35,8.29,6.7,8.42,7.24,10.35,10.73,8.98,9.34
J. Informasi dan Komunikasi,9.82,10.34,10.47,10.61,10.61,8.72,7.79,7.02,6.82,6.82,7.15,7.61,7.38,7.73,7.73,7.11,7.58,7.89,7.59,7.59,8.41,8.03,7.62,7.57,7.57,7.72,7.82,8.44,8.35,8.35,2.92,3.39,3.22,1.06,10.61,0.81,1.66,1.9,1.73,6.82,1.68,2.52,0.85,3.43,7.73,0.17,3.39,1.3,1.74,7.59,1.73,2.67,0.51,2.35,7.57,1.99,2.87,2.12,0.89,8.35,9.82,10.85,10.72,10.99,10.61,8.72,6.9,5.54,6.24,6.82,7.15,8.06,6.94,8.72,7.73,7.11,8.03,8.51,6.74,7.59,8.41,7.66,6.82,7.45,7.57,7.72,7.92,9.65,8.09,8.35
K. Jasa Keuangan dan Asuransi,10.63,5.89,3.55,3.25,3.25,-2.97,2.37,3,1.56,1.56,1.64,1.57,1.34,1.93,1.93,4.45,3.65,4.18,4.77,4.77,3.93,5.9,5.76,4.74,4.74,3.98,3.59,2.65,3.96,3.96,5.34,-10.3,2.59,5.61,3.25,-0.16,0.15,-1.24,-1.36,1.56,4.17,0.02,-1.85,1.47,1.93,4.86,-1.51,0.43,2.74,4.77,2.27,2.25,-1.81,-0.91,4.74,4.52,1.48,-4.13,6.13,3.96,10.63,1.06,-0.95,2.37,3.25,-2.97,8.33,4.29,-2.59,1.56,1.64,1.5,0.87,3.76,1.93,4.45,2.86,5.24,6.56,4.77,3.93,7.9,5.49,1.74,4.74,3.98,3.2,0.77,7.92,3.96
1. Jasa Perantara Keuangan,13.67,6.48,3.31,3.98,3.98,-3.76,4.64,5.23,2.71,2.71,2.07,2.22,1.71,2.44,2.44,6.5,4.7,5.57,7.01,7.01,5.15,8.82,8.56,6.8,6.8,5.23,3.14,1.48,3.4,3.4,10.68,-15.93,5.14,8.27,3.98,0.56,0.13,-2.34,-2.84,2.71,7.42,0.42,-3.95,1.09,2.44,9.23,-2.97,0.24,4.85,7.01,3.11,3.91,-3.84,-1.27,6.8,6.66,-0.14,-6.73,10.07,3.4,13.67,-0.96,-2.72,5.92,3.98,-3.76,14.63,6.47,-4.46,2.71,2.07,2.36,0.68,4.74,2.44,6.5,2.91,7.39,11.38,7.01,5.15,12.6,8.03,1.73,6.8,5.23,1.13,-1.92,9.34,3.4
2. Asuransi dan Dana Pensiun,5.04,6.17,5.89,4.03,4.03,2.23,1.06,1.09,0.71,0.71,-0.52,-1.11,-0.75,-0.99,-0.99,-0.67,0.32,0.1,-0.5,-0.5,-0.24,-1.62,-1.21,-1.02,-1.02,-2.44,1.93,2.56,3.48,3.48,-4.35,2.12,-1.86,3.21,4.03,-1.17,-0.19,-0.64,1.62,0.71,-1.29,-1.38,1.05,-0.1,-0.99,-0.24,0.61,-0.62,-2.06,-0.5,1.87,-2.16,2.05,-2.11,-1.02,-0.18,6.7,-0.44,0.24,3.48,5.04,7.29,5.35,-1.07,4.03,2.23,-0.09,1.15,-0.4,0.71,-0.52,-1.7,-0.03,-1.72,-0.99,-0.67,1.33,-0.35,-2.31,-0.5,-0.24,-2.98,-0.39,-0.43,-1.02,-2.44,6.39,3.8,6.29,3.48
3. Jasa Keuangan Lainnya,7.8,3.78,1.46,-0.57,-0.57,-8.23,-5.29,-3.5,-2.39,-2.39,3.25,2.97,2.99,4.51,4.51,4.08,4.88,5.16,4.03,4.03,5.29,4.88,4.48,4.6,4.6,7.73,8.18,7.9,6.75,6.75,-0.08,-5.32,-0.14,-0.86,-0.57,-2.09,0.91,2.29,-0.04,-2.39,0.06,0.37,2.62,5.76,4.51,-4.45,1.92,2.65,0.91,4.03,-0.27,1.14,1.89,2.13,4.6,2.36,1.98,0.7,-1.6,6.75,7.8,-0.17,-3.01,-6.34,-0.57,-8.23,-2.19,0.2,1.03,-2.39,3.25,2.69,3.02,8.99,4.51,4.08,5.68,5.71,0.87,4.03,5.29,4.48,3.71,4.96,4.6,7.73,8.63,7.35,3.44,6.75
4. Jasa Penunjang Keuangan,1.19,1.26,1.35,1.86,1.86,5.85,5.54,5.38,5.18,5.18,1.03,1.25,1.21,0.63,0.63,-1.37,-1.72,-1.79,-1.53,-1.53,-1.49,-1.17,-0.77,-0.56,-0.56,0.2,1.65,4.34,6.32,6.32,-0.24,0.1,1.73,1.75,1.86,2.16,-0.49,1.58,1.3,5.18,-1.33,-0.06,1.26,-0.92,0.63,-1.64,-0.77,1.42,0.28,-1.53,-2.39,-0.11,2.3,0.3,-0.56,-2.24,2.78,8.76,2.62,6.32,1.19,1.32,1.53,3.37,1.86,5.85,5.23,5.07,4.61,5.18,1.03,1.46,1.15,-1.06,0.63,-1.37,-2.07,-1.92,-0.74,-1.53,-1.49,-0.84,0.02,0.04,-0.56,0.2,3.1,9.62,12.15,6.32
L. Real Estate,3.81,3.06,2.69,2.32,2.32,0.94,1.88,2.4,2.78,2.78,3.78,2.96,2.17,1.72,1.72,0.37,0.67,1.18,1.43,1.43,2.54,2.35,2.34,2.5,2.5,2.94,3.32,3.54,3.58,3.58,0.49,-0.26,0.94,0.07,2.32,0.18,1.59,1.54,0.57,2.78,0.03,0.01,0.02,0.32,1.72,0.01,0.6,1.25,0.29,1.43,0.37,0.24,1.41,0.93,2.5,0.34,0.98,1.65,0.69,3.58,3.81,2.31,1.96,1.25,2.32,0.94,2.82,3.42,3.94,2.78,3.78,2.16,0.63,0.39,1.72,0.37,0.96,2.21,2.18,1.43,2.54,2.16,2.32,2.97,2.5,2.94,3.71,3.95,3.71,3.58
"M,N. Jasa Perusahaan",5.39,-3.48,-4.89,-5.44,-5.44,-6.1,1.31,0.68,0.73,0.73,5.96,6.94,8.21,8.77,8.77,6.37,8,8.46,8.24,8.24,9.63,8.77,8.49,8.38,8.38,9.27,9.29,9.51,9.1,9.1,-2.28,-14.11,7.92,2.66,-5.44,-1.31,0.56,-2.42,4.19,0.73,3.64,2.43,0.18,3.84,8.77,-0.16,5.53,-0.03,2.18,8.24,1.7,3.92,-0.06,2.32,8.38,2.81,3.97,0.52,0.42,9.1,5.39,-12.09,-7.61,-7.02,-5.44,-6.1,9.94,-0.59,0.89,0.73,5.96,7.92,10.79,10.42,8.77,6.37,9.59,9.37,7.62,8.24,9.63,7.96,7.93,8.08,8.38,9.27,9.31,9.94,7.9,9.1
"O. Administrasi Pemerintahan, Pertahanan dan Jaminan Sosial Wajib",3.16,-0.08,0.54,-0.03,-0.03,-2.24,3.77,-0.81,-0.33,-0.33,-1.29,-1.41,2.8,2.52,2.52,2.13,5.29,1.47,1.51,1.51,18.89,10.31,8.36,6.43,6.43,4.79,4.74,4.62,3.86,3.86,-8.56,-2.57,1.42,8.94,-0.03,-9.19,9.57,-16.93,22.17,-0.33,-11.24,9.32,-5.12,10.54,2.52,-10.93,15.8,-17.77,19.83,1.51,4.19,0.23,-16.93,16.61,6.43,7.93,0.14,-17.21,13.59,3.86,3.16,-3.21,1.82,-1.56,-0.03,-2.24,9.94,-9.95,0.99,-0.33,-1.29,-1.52,12.48,1.77,2.52,2.13,8.18,-6.24,1.63,1.51,18.89,2.9,3.96,1.16,6.43,4.79,4.7,4.33,1.63,3.86
P. Jasa Pendidikan,5.86,3.48,3.1,2.61,2.61,-1.54,2.16,-0.11,0.11,0.11,-1.44,-1.27,0.61,0.55,0.55,1.02,3.3,1.45,1.77,1.77,7.43,4.8,4.07,3.76,3.76,5.04,3.16,5.58,4.99,4.99,-10.42,-0.66,5.61,7.82,2.61,-12.96,6.84,-4.68,13.62,0.11,-14.82,7.19,0.65,9.23,0.55,-14.28,11.86,-6.52,14.5,1.77,-10.27,6.68,-6.41,14.92,3.76,-8.45,2.98,2.07,7.48,4.99,5.86,1.18,2.39,1.33,2.61,-1.54,5.89,-4.43,0.71,0.11,-1.44,-1.11,4.42,0.38,0.55,1.02,5.42,-2.09,2.63,1.77,7.43,2.46,2.58,2.95,3.76,5.04,1.4,10.59,3.43,4.99
Q. Jasa Kesehatan dan Kegiatan Sosial,10.33,6.97,9.79,11.56,11.56,3.38,7.44,9.8,10.45,10.45,4.53,5.54,2.85,2.75,2.75,4.77,6.57,5.27,4.67,4.67,11.65,10.06,9.23,8.13,8.13,5.78,4.76,5.47,5.59,5.59,1.08,-4.14,13.68,5.79,11.56,-10.33,3.56,16.08,4.04,10.45,-16.43,5.52,7.14,8.48,2.75,-14.57,9.05,1.84,8.66,4.67,-7.48,6.07,0.97,6.17,8.13,-6.97,4.08,3.92,5.29,5.59,10.33,3.67,15.26,16.53,11.56,3.38,11.68,14.04,12.16,10.45,4.53,6.51,-1.7,2.49,2.75,4.77,8.27,2.92,3.09,4.67,11.65,8.59,7.67,5.2,8.13,5.78,3.8,6.83,5.95,5.59
"R,S,T,U. Jasa lainnya",7.09,-2.95,-3.84,-4.1,-4.1,-5.15,2.71,1.69,2.12,2.12,8.25,8.75,8.88,9.47,9.47,8.9,10.4,10.65,10.52,10.52,8.92,8.89,9.24,9.8,9.8,9.84,10.59,10.37,9.93,9.93,-1.2,-15.12,10.93,2.29,-4.1,-1.52,0.21,-1.23,6.04,2.12,3.14,1.14,-1.34,7.99,9.47,1.07,3.91,-2,7.02,10.52,-0.06,3.85,-1.01,8.4,9.8,-1.42,5.24,-2.25,7.2,9.93,7.09,-12.6,-5.55,-4.84,-4.1,-5.15,11.97,-0.3,3.35,2.12,8.25,9.26,9.13,11.14,9.47,8.9,11.89,11.14,10.15,10.52,8.92,8.85,9.95,11.36,9.8,9.84,11.31,9.92,8.71,9.93
A. NILAI TAMBAH BRUTO ATAS HARGA DASAR,2.94,-0.95,-1.51,-1.59,-1.59,-0.95,2.95,2.97,3.27,3.27,4.59,4.41,4.68,4.95,4.95,4.29,4.95,5.04,5.05,5.05,5.51,5.38,5.26,5.11,5.11,5.23,5.08,5.16,5.16,5.16,-1.02,-4.45,5.06,-1.2,-1.59,-0.14,3.25,1.1,-0.06,3.27,0.26,2.9,2.05,0.42,4.95,-1.1,4.18,1.69,0.32,5.05,-0.72,3.91,1.5,-0.01,5.11,-0.21,3.62,1.84,-0.13,5.16,2.94,-4.72,-2.59,-1.83,-1.59,-0.95,7.03,2.99,4.18,3.27,4.59,4.24,5.22,5.72,4.95,4.29,5.58,5.21,5.11,5.05,5.51,5.24,5.04,4.69,5.11,5.23,4.94,5.3,5.17,5.16
B. PAJAK DIKURANG SUBSIDI ATAS PRODUK,3.64,-9.47,-14.71,-13.13,-13.13,7.02,7.7,11.37,15.14,15.14,16.98,27.98,24.31,13.83,13.83,23.53,8.79,5.41,4.94,4.94,-3.16,-1.22,0.13,3.24,3.24,-3.31,3.01,1.64,3.89,3.89,-30.99,3.43,4.57,21.7,-13.13,-18.69,4.72,14.13,27.67,15.14,-23.34,23.98,-2.73,-0.97,13.83,3.44,-2.75,-0.47,3.44,4.94,-3.28,1.2,1.63,12.96,3.24,-16.78,14.36,-7.95,25.28,3.89,3.64,-19.34,-23.08,-9.16,-13.13,7.02,8.36,18.26,24.06,15.14,16.98,38.49,18.03,-8.45,13.83,23.53,-3.1,-0.85,3.56,4.94,-3.16,0.77,2.9,12.37,3.24,-3.31,9.26,-1.03,9.76,3.89
C. PRODUK DOMESTIK BRUTO,2.97,-1.26,-2.03,-2.07,-2.07,-0.69,3.11,3.25,3.7,3.7,5.02,5.25,5.41,5.31,5.31,5.04,5.11,5.05,5.05,5.05,5.11,5.08,5.04,5.03,5.03,4.87,5,5.01,5.11,5.11,-2.41,-4.19,5.05,-0.4,-2.07,-0.93,3.3,1.57,1.05,3.7,-0.94,3.73,1.83,0.36,5.31,-0.9,3.86,1.6,0.45,5.05,-0.83,3.79,1.5,0.52,5.03,-0.98,4.04,1.42,0.86,5.11,2.97,-5.32,-3.49,-2.17,-2.07,-0.69,7.08,3.53,5.03,3.7,5.02,5.46,5.73,5.01,5.31,5.04,5.17,4.94,5.04,5.05,5.11,5.05,4.95,5.02,5.03,4.87,5.12,5.04,5.39,5.11
,,,,,,,,,,,,,,,,,,,,,,,,,,,,,,,,,,,,,,,,,,,,,,,,,,,,,,,,,,,,,,,,,,,,,,,,,,,,,,,,,,,,,,,,,,
Catatan,<br /><br /><br />2024: Angka sementara <br />,2025: Angka sangat sementara <br />,2026: Angka sangat sangat sementara <br /><br />,<br /><br />,,,,,,,,,,,,,,,,,,,,,,,,,,,,,,,,,,,,,,,,,,,,,,,,,,,,,,,,,,,,,,,,,,,,,,,,,,,,,,,,,,,,,,