PDB Lapangan Usaha (Seri 2010),[Seri 2010] PDB Menurut Lapangan Usaha Seri 2010 (Milyar Rupiah),,,,,,,,,,,,,,,,,,,,,,,,,,,,,
,Harga Berlaku,,,,,,,,,,,,,,,,,,,,,,,,,,,,,
,2020,,,,,2021,,,,,2022,,,,,2023,,,,,2024,,,,,2025,,,,
,Triwulan I,Triwulan II,Triwulan III,Triwulan IV,Tahunan,Triwulan I,Triwulan II,Triwulan III,Triwulan IV,Tahunan,Triwulan I,Triwulan II,Triwulan III,Triwulan IV,Tahunan,Triwulan I,Triwulan II,Triwulan III,Triwulan IV,Tahunan,Triwulan I,Triwulan II,Triwulan III,Triwulan IV,Tahunan,Triwulan I,Triwulan II,Triwulan III,Triwulan IV,Tahunan
"A. Pertanian, Kehutanan, dan Perikanan",503587.1,569786.2,571684.2,470437,2115494.5,525483.1,597085.7,619506,512466.5,2254541.3,566670.3,640743.8,658885.9,562600.5,2428900.5,597583.5,697654.2,718633.1,603819.6,2617690.4,613776.1,762637.5,773363.1,641888.5,2791665.2,717328.6,822638.8,869617.3,710871.8,3120456.5
"1. Pertanian, Peternakan, Perburuan dan Jasa Pertanian",368479.4,437241.9,436528.9,333129.8,1575380,390916.9,450275.6,474042.1,357703.8,1672938.4,426637.1,484133.1,498679.3,396004.1,1805453.6,447786.4,518175.9,540093.1,426477.3,1932532.7,459821.9,589766.4,594581.4,463248.8,2107418.5,558062.9,639425,678725.3,502903.1,2379116.3
a. Tanaman Pangan,115493.6,153563.4,128648,76565.5,474270.5,121122.4,128812,117512.2,73918,441364.6,122363.4,136673.2,114201.8,81496.8,454735.2,127506,144017,121546.7,78697.1,471766.8,101864.8,166813.1,130852.3,86216.1,485746.3,142660.9,159849.6,150051.2,94214.1,546775.8
b. Tanaman Hortikultura,56934.1,66813.4,69182.6,57527.7,250457.8,60221.4,71431,69205.6,61613.3,262471.3,61501.6,74958.4,78943.7,66100.9,281504.6,61950.3,74867.2,79817.1,70000.6,286635.2,66965.6,83437.2,85614.1,72579.8,308596.7,69618.2,88652.1,88494.1,78116.7,324881.1
c. Tanaman Perkebunan,123143.9,143915.9,163495.3,129670.5,560225.6,133944.6,169645,210736.2,154054,668379.8,158962.6,186407.7,220733.4,169803.7,735907.4,170037.1,206768.7,246826.2,187602.5,811234.5,193284.9,236582.5,279426.3,213049.8,922343.5,235163.6,278665.3,332382,229074.6,1075285.5
d. Peternakan,65377.4,65003.7,67198.9,62658.2,260238.2,67606.6,71966.9,67663.1,60962.1,268198.7,75042.6,76989.6,75415.6,70565.7,298013.5,79165.9,82888.4,81838,81559.7,325452,88261,91961.9,87533.7,82087.3,349843.9,99228.7,100282.7,94989.3,91232.4,385733.1
e. Jasa Pertanian dan Perburuan,7530.4,7945.5,8004.1,6707.9,30187.9,8021.9,8420.7,8925,7156.4,32524,8766.9,9104.2,9384.8,8037,35292.9,9127.1,9634.6,10065.1,8617.4,37444.2,9445.6,10971.7,11155,9315.8,40888.1,11391.5,11975.3,12808.7,10265.3,46440.8
2. Kehutanan dan Penebangan Kayu,25470.5,28337.6,28697,26140.5,108645.6,24595,28459.4,30296.2,28657.9,112008.5,26595.9,29908.6,31092.3,30789.3,118386.1,29505.7,32690.6,35433.7,32486.5,130116.5,30440.9,32337.5,35294.6,31496.5,129569.5,29402.1,32361.2,35466.2,33362.3,130591.8
3. Perikanan,109637.2,104206.7,106458.3,111166.7,431468.9,109971.2,118350.7,115167.7,126104.8,469594.4,113437.3,126702.1,129114.3,135807.1,505060.8,120291.4,146787.7,143106.3,144855.8,555041.2,123513.3,140533.6,143487.1,147143.2,554677.2,129863.6,150852.6,155425.8,174606.4,610748.4
B. Pertambangan dan Penggalian,267420.3,231507.6,239875.1,254738.9,993541.9,303403.1,337953.3,413148.1,469145.6,1523650.1,467360.5,618991.3,660026.2,647012.9,2393390.9,600885.6,547856.9,539254.6,510021,2198018.1,493909.4,485868.7,511109.8,535701.3,2026589.2,509229.9,510896.2,515611.3,548875.9,2084613.3
"1. Pertambangan Minyak, Gas dan Panas Bumi",94955.6,70353.5,81605.8,85644.7,332559.6,104176.2,108367.6,119822.2,129337,461703,133198.4,145655.2,159542.4,149201.3,587597.3,129743.9,118699.3,135898.1,136728.7,521070,129274.6,133884.6,131438.1,131558.5,526155.8,132950.9,128519.8,132129.2,131835.9,525435.8
2. Pertambangan Batubara dan Lignit,84282.4,71381,60880.6,66650.7,283194.7,95671.6,116646.2,173456.9,217363.3,603138,209547.5,343065.6,377107.5,367191.3,1296911.9,347091.2,294729.3,258182.2,216567.8,1116570.5,211041,192804.9,212965.6,233642,850453.5,213512.4,193173.1,186462.3,234215.8,827363.6
3. Pertambangan Bijih Logam,27035.1,31084,35183.2,37654.6,130956.9,41565.8,52531,55701.5,54791.8,204590.1,58939.9,68085.4,56510.1,59181.7,242717.1,55243.8,66242.8,71762,78773.4,272022,78636,86866.3,88804.7,89194.9,343501.9,85214.8,110177.9,111785.2,97127.8,404305.7
4. Pertambangan dan Penggalian Lainnya,61147.2,58689.1,62205.5,64788.9,246830.7,61989.5,60408.5,64167.5,67653.5,254219,65674.7,62185.1,66866.2,71438.6,266164.6,68806.7,68185.5,73412.3,77951.1,288355.6,74957.8,72312.9,77901.4,81305.9,306478,77551.8,79025.4,85234.6,85696.4,327508.2
C. Industri Pengolahan,783622,732564.5,773433.5,778421.7,3068041.7,787424.4,805622.3,828448.3,845410.5,3266905.5,866263.3,877824.8,910434.1,937252.5,3591774.7,941597.7,953900.4,992657.4,1011906.2,3900061.7,1019654.8,1025099.5,1072556.2,1085556.4,4202866.9,1090534.4,1110263.1,1160552,1180170.1,4541519.6
1. Industri Batubara dan Pengilangan Migas,83094.4,75071.7,76176.1,73264.2,307606.4,76459.3,81569.4,78982.6,82997.2,320008.5,83721.9,90294.1,90595.8,99007.7,363619.5,91145.3,101886.2,101167.9,106247.3,400446.7,95932.3,100361.7,103775.4,103508.2,403577.6,98749.2,104019.5,106995.4,114421,424185.1
Industri Pengolahan Non Migas,700527.6,657492.8,697257.4,705157.5,2760435.3,710965.1,724052.9,749465.7,762413.3,2946897,782541.4,787530.7,819838.3,838244.8,3228155.2,850452.4,852014.2,891489.5,905658.9,3499615,923722.5,924737.8,968780.8,982048.2,3799289.3,991785.2,1006243.6,1053556.6,1065749.1,4117334.5
1. Industri Makanan dan Minuman,255954.2,259760,273261.9,268024.6,1057000.7,269993.9,278190.1,291590,281588,1121362,295557.2,302284.3,317006.7,323250.9,1238099.1,328324,333759.3,348804.7,357540.4,1368428.4,368630.5,372965.5,389113.8,400735.4,1531445.2,408119.2,412542.4,432640.9,445562.6,1698865.1
2. Industri Pengolahan Tembakau,38173.6,31596.4,32982.6,33182.5,135935.1,34873.2,31465.1,33425.8,35381.7,135145.8,35728.8,32305.7,33584.9,34134.6,135754,34516.2,34374.5,39420.1,39515.3,147826.1,38798.6,37574.7,40842.6,41509.3,158725.2,38263.8,40682.4,41982.5,40101.9,161030.6
3. Industri Tekstil dan Pakaian Jadi,49527.8,45546.3,47049.7,44503,186626.8,43441.8,43693.8,45613.3,47468,180216.9,49513.7,50669.8,50634.8,50824.2,201642.5,51133.9,51546.3,50815.7,50453.8,203949.7,53988.2,52864.3,56092.2,55263.3,218208,57522.4,56221.1,57544.5,58938.1,230226.1
"4. Industri Kulit, Barang dari Kulit dan Alas Kaki",10574.4,9762.3,8824.7,10042.6,39204,10772.7,10120.3,10494,11121.7,42508.7,11937.2,11746.1,12381.7,12060.3,48125.3,12070.6,12079.9,12267.8,12822.7,49241,13005.9,12570.1,13746.6,14210.5,53533.1,14157.7,13812.6,13872.8,14293,56136.1
"5. Industri Kayu, Barang dari Kayu dan Gabus dan Barang Anyaman dari Bambu, Rotan dan Sejenisnya",20310.8,19454,19540.5,19383.9,78689.2,18464,18403.4,19623.9,20198.1,76689.4,20939.6,20149.3,19535.1,19510.9,80134.9,19931.9,20035.9,21123.3,20889.8,81980.9,21023.1,21142.5,22174.4,21228.4,85568.4,21790.6,21256.1,21004.7,22480.8,86532.2
6. Industri Kertas dan Barang dari Kertas; Percetakan dan Reproduksi Media Rekaman,27318.5,27778.9,27992.3,27472.6,110562.3,27197.7,27965.7,28313.5,29724.6,113201.5,30077.4,31868.6,33521.1,33490.6,128957.7,33810.4,34867.3,36185,36146.7,141009.4,36894.2,36167.1,38776.7,37110.1,148948.1,37241.5,37860.6,38734.7,39584.8,153421.6
"7. Industri Kimia, Farmasi dan Obat Tradisional",69258.8,72128.9,76548.9,78773.7,296710.3,79838.7,81975.4,87884.6,89484.7,339183.4,89660.2,87392.5,88806.3,91467.3,357326.3,89754.1,88598.4,94099.6,93867.7,366319.8,98321.9,97278.5,99274,100239,395113.4,103414.1,108565.5,113220.9,111269.4,436469.9
"8. Industri Karet, Barang dari Karet dan Plastik",21726.9,19081.7,20387,21661,82856.6,23321.7,22673.9,21360.8,21251.3,88607.7,21470,22813.3,21965.3,21549.4,87798,21765.5,20760.2,20643.2,20695.3,83864.2,21033.2,21865.7,22257.7,23180.3,88336.9,22559.6,22181.7,21929.1,20584.3,87254.7
9. Industri Barang Galian bukan Logam,21497,19696.1,21970,22697.1,85860.2,20300.2,21831.5,23253.8,23631.3,89016.8,21418.9,21558.2,23906.8,24194.1,91078,21869.2,22794.6,26470.6,27251.8,98386.2,24765.7,23417.8,26210.6,25964.9,100359,25058.8,26381.8,28774.9,28819.8,109035.3
10. Industri Logam Dasar,30756.7,27846.6,30631.7,31721.8,120956.8,32530,33489.8,34813.8,36765.4,137599,37442.2,41301.7,44624.1,44644.8,168012.8,44937.1,47166.2,50187.8,54024.1,196315.2,52906.9,56631.5,57561.6,59293.4,226393.4,62504.6,67801.3,71401.3,71662.4,273369.6
"11. Industri Barang Logam; Komputer, Barang Elektronik, Optik; dan Peralatan Listrik",63173,59337.9,64087.6,65544.3,252142.8,62664.8,65399.9,61794.5,67506.4,257365.6,69229.5,68815.3,71819.1,74695.4,284559.3,79760.1,81687,82755.5,83784.4,327987,83591.5,86901.2,90940.3,94550.5,355983.5,90937.5,90555.5,98763.4,101880,382136.4
12. Industri Mesin dan Perlengkapan,11502.3,10147.7,10205.5,11375.1,43230.6,12054.7,11977.5,12042.6,12825.2,48900,13482.7,13514,14368.6,13962,55327.3,13887.8,13820.7,14981.2,13799.4,56489.1,13934.6,13798.2,15587.3,13842.7,57162.8,14028.9,16611.8,17597.3,17582.9,65820.9
13. Industri Alat Angkutan,65614.9,40272,47985.8,55013.3,208886,59336.5,60925,63010,68621.4,251892.9,69152.1,66747.8,71096.5,77623.5,284619.9,82199.5,74075.6,77205.8,77411.6,310892.5,79730.4,74662.5,78568.2,76972.6,309933.7,77261.9,74055.7,77607,73772.9,302697.5
14. Industri Furnitur,9569,9510.4,9719.1,9854.6,38653.1,10464.2,10265,10480.7,10963.2,42173.1,11039.8,10382.3,10253.9,10294.5,41970.5,10367.2,10397.4,10248.6,11171,42184.2,10715.2,10428.5,11039.7,11355.3,43538.7,11953.8,10605.9,10729.1,11703.7,44992.5
15. Industri Pengolahan Lainnya; Jasa Reparasi dan Pemasangan Mesin dan Peralatan,5569.7,5573.6,6070.1,5907.4,23120.8,5711,5676.5,5764.4,5882.3,23034.2,5892.1,5981.8,6333.4,6542.3,24749.6,6124.9,6050.9,6280.6,6284.9,24741.3,6382.6,6469.7,6595.1,6592.5,26039.9,6970.8,7109.2,7753.5,7512.5,29346
D. Pengadaan Listrik dan Gas,45933.6,41995,45701.4,46111.6,179741.6,46700.5,46073.9,47573.4,49699.4,190047.2,50006.1,50473.8,52043.3,52150.5,204673.7,52723.8,53226.2,55523.8,56777.1,218250.9,55271.1,55970.2,57933.9,58352.2,227527.4,58525.6,57432.1,60756.1,61980.1,238693.9
1. Ketenagalistrikan,38087.9,35649.9,38402.8,38400.5,150541.1,38708.7,38622.6,39731.6,42015.7,159078.6,41937.4,42522.9,43969.7,43851.4,172281.4,43899.2,45105.1,46859.9,48595.8,184460,47605.9,48591.9,50062.7,50722.7,196983.2,50702.4,50082.9,52857.2,53866,207508.5
2. Pengadaan Gas dan Produksi Es,7845.7,6345.1,7298.6,7711.1,29200.5,7991.8,7451.3,7841.8,7683.7,30968.6,8068.7,7950.9,8073.6,8299.1,32392.3,8824.6,8121.1,8663.9,8181.3,33790.9,7665.2,7378.3,7871.2,7629.5,30544.2,7823.2,7349.2,7898.9,8114.1,31185.4
"E. Pengadaan Air, Pengelolaan Sampah, Limbah dan Daur Ulang",2759.4,2778.1,2837.6,2930.3,11305.4,2938.7,2989.9,3003.3,3094.5,12026.4,3001.4,3154.8,3163.4,3217.2,12536.8,3211.7,3341.2,3333.2,3398.9,13285,3471.1,3570.9,3556.8,3659.4,14258.2,3649.8,3702.6,3765,3738.7,14856.1
F. Konstruksi,419714.3,389445.8,412959.3,430540.2,1652659.6,428661.5,422463.2,449341.7,471260.3,1771726.7,470444.2,449492.3,480862.7,512179.5,1912978.7,501227.8,492779.6,522247.4,556130,2072384.8,541248.7,533290.8,567314.7,591608.9,2233463.1,557336.5,563726,595017.3,624848.5,2340928.3
G. Perdagangan Besar dan Eceran; Reparasi Mobil dan Sepeda Motor,517328.4,472830.9,499073,504756.4,1993988.7,519271,546177.5,562752.2,571734.2,2199934.9,590713.7,624802.1,648151.2,653111.7,2516778.7,657106.3,671792.7,686675.1,687031.5,2702605.6,695437.5,719544.9,738372.9,739960.1,2893315.4,749117.6,774530.6,799131.2,813820.1,3136599.5
"1. Perdagangan Mobil, Sepeda Motor dan Reparasinya",104640.7,71477.6,87178.9,96732.9,360030.1,98684.7,100252.5,102012.6,107038.4,407988.2,107414.8,105242.9,110073.8,116622.1,439353.6,117109.7,114137.5,117762.9,118273.8,467283.9,119260.4,116378.2,120174.8,119939.6,475753,120158.6,117334.3,120708.6,123888.4,482089.9
"2. Perdagangan Besar dan Eceran, Bukan Mobil dan Sepeda Motor",412687.7,401353.3,411894.1,408023.5,1633958.6,420586.3,445925,460739.6,464695.8,1791946.7,483298.9,519559.2,538077.4,536489.6,2077425.1,539996.6,557655.2,568912.2,568757.7,2235321.7,576177.1,603166.7,618198.1,620020.5,2417562.4,628959,657196.3,678422.6,689931.7,2654509.6
H. Transportasi dan Pergudangan,202752,131877.3,171178.4,183744.7,689552.4,169656.4,175946.5,168847.8,205159.6,719610.3,208515.9,235853.3,254872.4,284277.9,983519.5,281781.5,306654.5,316589.7,326216.2,1231241.9,313444.6,345605.9,347892.6,351173.5,1358116.6,344826.5,369086.5,369894.8,382449,1466256.8
1. Angkutan Rel,2867.9,1234.9,1734.4,1952.6,7789.8,1693.7,2141.8,1618.2,2394.2,7847.9,2460.4,3473.9,3804.4,4132,13870.7,4169.3,4553.2,4867.7,5165.2,18755.4,5058.8,5942.3,5816.9,6395.2,23213.2,5910.6,6176.9,5787.4,6372.2,24247.1
2. Angkutan Darat,99192,82616.6,98420.3,100655.4,380884.3,98963.5,100177.3,102503.1,105692.4,407336.3,107434.6,112145.9,119312.6,132232.2,471125.3,132219.8,142168.3,143104,147267.1,564759.2,147970.6,159177.4,159509.7,163147.2,629804.9,165308.3,176267.9,177667.7,181220.9,700464.8
3. Angkutan Laut,12614.7,10434.5,12463.4,13061.6,48574.2,12168.7,12269.5,12641.6,13251.9,50331.7,12204.3,13095.4,13949.3,15778.7,55027.7,15795.2,16587.6,18183,18162.6,68728.4,17505.5,18077.8,18487.1,19101.6,73172,19281.4,19257.8,19716.4,21879.6,80135.2
4. Angkutan Sungai Danau dan Penyeberangan,4240,3293.1,3975.6,4213.3,15722,3765.2,3772.6,3964,4999,16500.8,5373.6,7600.1,7781.2,7824.9,28579.8,7994.2,8736.4,8559.7,8837.1,34127.4,8595.5,9337.9,8988.4,9092.1,36013.9,9367.5,10041.8,9332.8,9477.2,38219.3
5. Angkutan Udara,47421.6,10246.8,20196.5,27085.5,104950.4,21275.4,24573,16197.1,34014.7,96060.2,35590,48998.1,56547.3,65240.8,206376.2,62058.8,71035.4,76437.2,79387.5,288918.9,67919,81467.9,83688.6,79928.4,313003.9,70982.9,77382.2,77792.5,81247.6,307405.2
6. Pergudangan dan Jasa Penunjang Angkutan; Pos dan Kurir,36415.8,24051.4,34388.2,36776.3,131631.7,31789.9,33012.3,31923.8,44807.4,141533.4,45453,50539.9,53477.6,59069.3,208539.8,59544.2,63573.6,65438.1,67396.7,255952.6,66395.2,71602.6,71401.9,73509,282908.7,73975.8,79959.9,79598,82251.5,315785.2
I. Penyediaan Akomodasi dan Makan Minum,109718,84136.7,97044.2,103156.1,394055,101468.7,103482.2,97586.2,109696.7,412233.8,110085.4,116200.5,118244.2,127408.6,471938.7,124839,129570.2,132797.8,139042.9,526249.9,138479.4,145651.1,147422.8,152344.5,583897.8,150126,160600.3,162555.9,165762.1,639044.3
1. Penyediaan Akomodasi,23628.2,13423.2,17666.2,19893.7,74611.3,19226.8,19617.5,16404.8,23894.4,79143.5,23674.9,25492,27028.7,28819.7,105015.3,27660.4,29098.6,31197.4,32604.1,120560.5,30708.1,33555.5,34566.4,35235.5,134065.5,31130.1,33897.8,34898.2,35586,135512.1
2. Penyediaan Makan Minum,86089.8,70713.5,79378,83262.4,319443.7,82241.9,83864.7,81181.4,85802.3,333090.3,86410.5,90708.5,91215.5,98588.9,366923.4,97178.6,100471.6,101600.4,106438.8,405689.4,107771.3,112095.6,112856.4,117109,449832.3,118995.9,126702.5,127657.7,130176.1,503532.2
J. Informasi dan Komunikasi,166869,171870.3,177594,179630,695963.3,181830.1,185257.1,188958,192757.7,748802.9,196030.4,201602.1,203826.9,211278,812737.4,212250.8,219983,223359.2,228044.4,883637.4,232922.5,239803.4,241097.9,246197.8,960021.6,251539.3,260710.6,266642,269812.5,1048704.4
K. Jasa Keuangan dan Asuransi,184404.6,163904.2,168372.4,179391.7,696072.9,181863,184425.9,184415.2,185483.1,736187.2,195884.9,203635.1,202794.2,207056.5,809370.7,218356.3,214327.8,215165.1,221318.6,869167.8,227864.5,234970.4,230866.7,229109.3,922810.9,240724.7,247148,237860.4,254002.8,979735.9
1. Jasa Perantara Keuangan,114798.3,94667.8,99861.3,109532.6,418860,112420.2,114586.7,114130.1,114121.9,455258.9,124188.9,131082.4,127983,130022.1,513276.4,142098,136812,136771.8,143000,558681.8,148244.2,155415.3,149966.7,148164.7,601790.9,159278.4,160375.5,150400.4,166252,636306.3
2. Asuransi dan Dana Pensiun,39063.5,40029.6,39283.4,40688.2,159064.7,40513.5,40587.6,40363.3,41238.8,162703.2,41226.7,41416.9,42454.2,42784.7,167882.5,43100.7,43625.3,43521.7,42914.1,173161.8,44094.5,43433.4,44189.5,43402.1,175119.5,43263.7,47049.6,46989.9,47442.8,184746
3. Jasa Keuangan Lainnya,27089.8,25738.2,25699.5,25568.3,104095.8,25221.2,25547.7,26156.2,26287.3,103212.4,26637.2,27234.6,28349.8,30244.4,112466,29179.6,29919,30828,31322.2,121248.8,31506.7,32080,32588.6,33394,129569.3,34133,35480.4,35841.1,35523.4,140977.9
4. Jasa Penunjang Keuangan,3453,3468.6,3528.2,3602.6,14052.4,3708.1,3703.9,3765.6,3835.1,15012.7,3832.1,3901.2,4007.2,4005.3,15745.8,3978,3971.5,4043.6,4082.3,16075.4,4019.1,4041.7,4121.9,4148.5,16331.2,4049.6,4242.5,4629,4784.6,17705.7
L. Real Estate,112980.1,112854.2,113933.6,114013,453780.9,114310.1,116310,118298.8,119302.8,468221.7,120446.8,121350.4,122604.9,123909.1,488311.2,124852.8,125585.4,127254.5,127764.7,505457.4,128497.9,128943.8,130939.6,132346.8,520728.1,121044.9,135860.9,138389.3,139477.2,534772.3
"M,N. Jasa Perusahaan",78465.5,67629.4,72977.6,75183,294255.5,74750,75452.2,73690.2,77192.8,301085.2,81021.3,84532.8,85896.6,89976.6,341427.3,90706.1,96306.5,96650.4,99428.9,383091.9,101987.8,106703.1,106320.4,109158.5,424169.8,112068.7,118758.5,119757.9,121128.8,471713.9
"O. Administrasi Pemerintahan, Pertahanan dan Jaminan Sosial Wajib",142213,142027.1,145751.8,155968.2,585960.1,139698.5,158915.9,128303.9,159838.7,586757,139598.4,156225.4,148091.9,161425.4,605341.1,144250.2,170263.2,137571.4,164360.6,616445.4,177663.2,179338.7,147263.9,169210.6,673476.4,190361.6,191442.4,156314,177013.1,715131.1
P. Jasa Pendidikan,130101.4,131095.5,139975.5,150054.7,551227.1,129279.2,141564.7,133204,153618.8,557666.7,129164.6,140391.6,142222.4,154599.7,566378.3,132794.4,150370.1,139948.6,160270.9,583384,147237.6,157972.8,147678.5,168506.3,621395.2,158216.7,163468.7,166237.3,178964.6,666887.3
Q. Jasa Kesehatan dan Kegiatan Sosial,46739,45501,53055.5,56184.9,201480.4,49683,52335.4,60987,64229.7,227235.1,52439.8,56395.4,60957.5,66422,236214.7,56380.3,62425.5,63565.3,69623.7,251994.8,64672.3,69214.7,69802.8,74508.7,278198.5,69937.6,73236.9,75974.7,80523.7,299672.9
"R,S,T,U. Jasa lainnya",80519.4,68749.2,75705.6,77613.9,302588.1,76932.7,77403.3,76498.1,81354.9,312189,84724.5,87204.4,87241.9,95010.3,354181.1,96925.4,101299.2,99642.5,107324.2,405191.3,108191,113075.9,111640.8,121401.1,454308.8,119564.3,128112.1,125614.5,135588.2,508879.1
A. NILAI TAMBAH BRUTO ATAS HARGA DASAR,3795127.1,3560553,3761152.7,3762876.3,14879709.1,3833354,4029459,4154562.2,4271445.8,16288821,4332371.5,4668873.9,4840319.7,4888888.9,18730454,4837473.2,4997336.6,5070869.1,5072479.4,19978158.3,5063729.5,5307262.3,5405133.4,5410683.9,21186809.1,5444132.7,5691614.3,5823691,5849027.2,22808465.2
B. PAJAK DIKURANG SUBSIDI ATAS PRODUK,128220.8,130189.2,136699.2,168534.9,563644.1,139579,148563,172821.7,226966.7,687930.4,176291,229157.9,226648.5,225908.5,858005.9,234014.9,225944.8,224025.1,230169.2,914154,224716.4,229334.1,233818.9,264312.3,952181.7,221814,255912.3,236700.7,298211.4,1012638.4
C. PRODUK DOMESTIK BRUTO,3923347.9,3690742.2,3897851.9,3931411.2,15443353.2,3972933,4178022,4327383.9,4498412.5,16976751.4,4508662.5,4898031.8,5066968.2,5114797.4,19588459.9,5071488.1,5223281.4,5294894.2,5302648.6,20892312.3,5288445.9,5536596.4,5638952.3,5674996.2,22138990.8,5665946.7,5947526.6,6060391.7,6147238.6,23821103.6
,,,,,,,,,,,,,,,,,,,,,,,,,,,,,,
Catatan,<br /><br />2024: Angka sementara <br />,2025: Angka sangat sementara<br />2026: Angka sangat sangat sementara<br /><br />,,,,,,,,,,,,,,,,,,,,,,,,,,,,